#Data Set Export - GWL.Test@008877,,,,,
Timestamp (UTC),Value (Feet),Grade Code,Approval Level,Interpolation Type,Event Timestamp
2014-08-15 05:00:00,5.71,41,650,2,
2014-08-16 05:00:00,5.72,41,650,2,
2014-08-17 05:00:00,5.7,41,650,2,
2014-08-18 05:00:00,5.68,41,650,2,
2014-08-19 05:00:00,5.67,41,650,2,
2014-08-20 05:00:00,5.68,41,650,2,
2014-08-21 05:00:00,5.68,41,650,2,
2014-08-22 05:00:00,5.66,41,650,2,
2014-08-23 05:00:00,5.65,41,650,2,
2014-08-24 05:00:00,5.66,41,650,2,
2014-08-25 05:00:00,5.67,41,650,2,
2014-08-26 05:00:00,5.655,41,650,2,
2014-08-27 05:00:00,5.61999999999884,41,650,2,
2014-08-28 05:00:00,5.59,41,650,2,
2014-08-29 05:00:00,5.63,41,650,2,
2014-08-30 05:00:00,5.68,41,650,2,
2014-08-31 05:00:00,5.66,41,650,2,
2014-09-01 05:00:00,5.63,41,650,2,
2014-09-02 05:00:00,5.6,41,650,2,
2014-09-03 05:00:00,5.57,41,650,2,
2014-09-04 05:00:00,5.55,41,650,2,
2014-09-05 05:00:00,5.58,41,650,2,
2014-09-06 05:00:00,5.6,41,650,2,
2014-09-07 05:00:00,5.61,41,650,2,
2014-09-08 05:00:00,5.64,41,650,2,
2014-09-09 05:00:00,5.69,41,650,2,
2014-09-10 05:00:00,5.71,41,650,2,
2014-09-11 05:00:00,5.7,41,650,2,
2014-09-12 05:00:00,5.68,41,650,2,
2014-09-13 05:00:00,5.62,41,650,2,
2014-09-14 05:00:00,5.62,41,650,2,
2014-09-15 05:00:00,5.62,41,650,2,
2014-09-16 05:00:00,5.61,41,650,2,
2014-09-17 05:00:00,5.59,41,650,2,
2014-09-18 05:00:00,5.59,41,650,2,
2014-09-19 05:00:00,5.59,41,650,2,
2014-09-20 05:00:00,5.58,41,650,2,
2014-09-21 05:00:00,5.59,41,650,2,
2014-09-22 05:00:00,5.59,41,650,2,
2014-09-23 05:00:00,5.6,41,650,2,
2014-09-24 05:00:00,5.58,41,650,2,
2014-09-25 05:00:00,5.55,41,650,2,
2014-09-26 05:00:00,5.53,41,650,2,
2014-09-27 05:00:00,5.55,41,650,2,
2014-09-28 05:00:00,5.59,41,650,2,
2014-09-29 05:00:00,5.63,41,650,2,
2014-09-30 05:00:00,5.68,41,650,2,
2014-10-01 05:00:00,5.67,41,650,2,
2014-10-02 05:00:00,5.66,41,650,2,
2014-10-03 05:00:00,5.66,21,650,2,
2014-10-04 05:00:00,5.63551303377711,21,650,2,
2014-10-05 05:00:00,5.58527345125491,21,650,2,
2014-10-06 05:00:00,5.51049414928849,21,650,2,
2014-10-07 05:00:00,5.53706414593259,21,650,2,
2014-10-08 05:00:00,5.58259379020408,21,650,2,
2014-10-09 05:00:00,5.57847653065658,21,650,2,
2014-10-10 05:00:00,5.52956103297233,21,650,2,
2014-10-11 05:00:00,5.50790278812373,21,650,2,
2014-10-12 05:00:00,5.50562032151523,21,650,2,
2014-10-13 05:00:00,5.49082841266242,21,650,2,
2014-10-14 05:00:00,5.54957369154021,21,650,2,
2014-10-15 05:00:00,5.71545643199283,21,650,2,
2014-10-16 05:00:00,5.65532403384533,21,650,2,
2014-10-17 05:00:00,5.73623198807045,21,650,2,
2014-10-18 05:00:00,5.82088522117359,21,650,2,
2014-10-19 05:00:00,5.84426479698402,21,650,2,
2014-10-20 05:00:00,5.8209987348323,21,650,2,
2014-10-21 05:00:00,5.81293443454376,21,650,2,
2014-10-22 05:00:00,5.78732914895431,21,650,2,
2014-10-23 05:00:00,5.73500886168673,21,650,2,
2014-10-24 05:00:00,5.69120054837725,21,650,2,
2014-10-25 05:00:00,5.67247420566974,21,650,2,
2014-10-26 05:00:00,5.62599250891166,21,650,2,
2014-10-27 05:00:00,5.60632039132001,21,650,2,
2014-10-28 05:00:00,5.60357764415577,21,650,2,
2014-10-29 05:00:00,5.60028636823137,21,650,2,
2014-10-30 05:00:00,5.59650326869451,21,650,2,
2014-10-31 05:00:00,5.56068361435547,21,650,2,
2014-11-01 05:00:00,5.51725361099957,21,650,2,
2014-11-02 05:00:00,5.39285261898674,21,650,2,
2014-11-03 05:00:00,5.33309853079306,21,650,2,
2014-11-04 05:00:00,5.35504683739087,21,650,2,
2014-11-05 05:00:00,5.43459288611919,21,650,2,
2014-11-06 05:00:00,5.48972265023099,21,650,2,
2014-11-07 05:00:00,5.54334360554691,21,650,2,
2014-11-08 05:00:00,5.53345146379034,21,650,2,
2014-11-09 05:00:00,5.55555469953779,21,650,2,
2014-11-10 05:00:00,5.5354083204931,21,650,2,
2014-11-11 05:00:00,5.5069799691834,21,650,2,
2014-11-12 05:00:00,5.46913713405245,21,650,2,
2014-11-13 05:00:00,5.44369799691816,21,650,2,
2014-11-14 05:00:00,5.42172573189527,21,650,2,
2014-11-15 05:00:00,5.33664098613248,21,650,2,
2014-11-16 05:00:00,5.28878274268094,21,650,2,
2014-11-17 05:00:00,5.30214175654844,21,650,2,
2014-11-18 05:00:00,5.43128659476108,21,650,2,
2014-11-19 05:00:00,5.27913713405221,21,650,2,
2014-11-20 05:00:00,5.1733436055471,21,650,2,
2014-11-21 05:00:00,5.1703081664097,21,650,2,
2014-11-22 05:00:00,5.17016178736523,21,650,2,
2014-11-23 05:00:00,5.19864406779653,21,650,2,
2014-11-24 05:00:00,5.41505392912156,21,650,2,
2014-11-25 05:00:00,5.56288135593214,21,650,2,
2014-11-26 05:00:00,5.62559322033899,21,650,2,
2014-11-27 05:00:00,5.70936825885966,21,650,2,
2014-11-28 05:00:00,5.79251155624027,21,650,2,
2014-11-29 05:00:00,5.8210477657934,21,650,2,
2014-11-30 05:00:00,5.88560862865934,21,650,2,
2014-12-01 05:00:00,5.94477657935276,21,650,2,
2014-12-02 05:00:00,5.9724268104777,21,650,2,
2014-12-03 05:00:00,6.01283513097058,21,650,2,
2014-12-04 05:00:00,6.02623981373671,21,650,2,
2014-12-05 05:00:00,5.98496507566919,21,650,2,
2014-12-06 05:00:00,5.91448777648407,21,650,2,
2014-12-07 05:00:00,5.8950756693828,21,650,2,
2014-12-08 05:00:00,5.80560535506376,21,650,2,
2014-12-09 05:00:00,5.72862048894051,21,650,2,
2014-12-10 05:00:00,5.65104190919659,21,650,2,
2014-12-11 05:00:00,5.59908614668199,21,650,2,
2014-12-12 05:00:00,5.58357974388799,21,650,2,
2014-12-13 05:00:00,5.55055878928978,21,650,2,
2014-12-14 05:00:00,5.52671129220005,21,650,2,
2014-12-15 05:00:00,5.49540454016269,21,650,2,
2014-12-16 05:00:00,5.46398137369036,21,650,2,
2014-12-17 05:00:00,5.44989522700796,21,650,2,
2014-12-18 05:00:00,5.3798923166471,21,650,2,
2014-12-19 05:00:00,5.3324039580907,21,650,2,
2014-12-20 05:00:00,5.29731082654235,21,650,2,
2014-12-21 05:00:00,5.28443830034929,21,650,2,
2014-12-22 05:00:00,5.30916763678689,21,650,2,
2014-12-23 05:00:00,5.38395809080322,21,650,2,
2014-12-24 05:00:00,5.62555296856802,21,650,2,
2014-12-25 05:00:00,6.49075669382999,21,650,2,
2014-12-26 05:00:00,7.0070256111758,21,650,2,
2014-12-27 05:00:00,7.35400465657736,21,650,2,
2014-12-28 05:00:00,7.38849825378359,21,650,2,
2014-12-29 05:00:00,7.05476717112918,21,650,2,
2014-12-30 05:00:00,6.78103608847477,21,650,2,
2014-12-31 05:00:00,6.47659487776484,21,650,2,
2015-01-01 05:00:00,6.14428405122237,21,650,2,
2015-01-02 05:00:00,5.90238649592531,21,650,2,
2015-01-03 05:00:00,5.76143771827701,21,650,2,
2015-01-04 05:00:00,5.68373981373682,21,650,2,
2015-01-05 05:00:00,5.65154831199085,21,650,2,
2015-01-06 05:00:00,5.40639697322473,21,650,2,
2015-01-07 05:00:00,5.36260768335254,21,650,2,
2015-01-07 05:00:01,,-3,650,2,
2015-01-14 04:59:59,,-3,650,2,
2015-01-14 05:00:00,5.36,41,650,2,
2015-01-15 05:00:00,5.36,41,650,2,
2015-01-16 05:00:00,5.37,41,650,2,
2015-01-17 05:00:00,5.35,41,650,2,
2015-01-18 05:00:00,5.39,41,650,2,
2015-01-19 05:00:00,5.46,41,650,2,
2015-01-20 05:00:00,5.46,41,650,2,
2015-01-21 05:00:00,5.52,41,650,2,
2015-01-22 05:00:00,5.61,41,650,2,
2015-01-23 05:00:00,5.635,41,650,2,
2015-01-24 05:00:00,6.01,41,650,2,
2015-01-25 05:00:00,6.28,41,650,2,
2015-01-26 05:00:00,6.1,41,650,2,
2015-01-27 05:00:00,5.96,41,650,2,
2015-01-28 05:00:00,5.79,41,650,2,
2015-01-29 05:00:00,5.66,41,650,2,
2015-01-30 05:00:00,5.61,41,650,2,
2015-01-31 05:00:00,5.51,41,650,2,
2015-02-01 05:00:00,5.4,41,650,2,
2015-02-02 05:00:00,5.49,41,650,2,
2015-02-03 05:00:00,5.65,41,650,2,
2015-02-04 05:00:00,5.43,41,650,2,
2015-02-05 05:00:00,5.43,41,650,2,
2015-02-06 05:00:00,5.65,41,650,2,
2015-02-07 05:00:00,5.68,41,650,2,
2015-02-08 05:00:00,5.76,41,650,2,
2015-02-09 05:00:00,5.8,41,650,2,
2015-02-10 05:00:00,5.8,41,650,2,
2015-02-11 05:00:00,5.67,41,650,2,
2015-02-12 05:00:00,5.59,41,650,2,
2015-02-13 05:00:00,5.54,41,650,2,
2015-02-14 05:00:00,5.41,41,650,2,
2015-02-15 05:00:00,5.37,41,650,2,
2015-02-16 05:00:00,5.31,41,650,2,
2015-02-17 05:00:00,5.56,41,650,2,
2015-02-18 05:00:00,5.88,41,650,2,
2015-02-19 05:00:00,5.46,41,650,2,
2015-02-20 05:00:00,5.15,41,650,2,
2015-02-21 05:00:00,5.1,41,650,2,
2015-02-22 05:00:00,5.34,41,650,2,
2015-02-23 05:00:00,5.47,41,650,2,
2015-02-24 05:00:00,5.3,41,650,2,
2015-02-25 05:00:00,5.11,41,650,2,
2015-02-26 05:00:00,5.11,41,650,2,
2015-02-27 05:00:00,5.545,41,650,2,
2015-02-28 05:00:00,5.32,41,650,2,
2015-03-01 05:00:00,5.15,41,650,2,
2015-03-02 05:00:00,5.11,41,650,2,
2015-03-03 05:00:00,5.09,41,650,2,
2015-03-04 05:00:00,5.08997853419197,41,650,2,
2015-03-05 05:00:00,5.0976924256363,41,650,2,
2015-03-06 05:00:00,5.09139374425023,41,650,2,
2015-03-07 05:00:00,4.93338853112542,41,650,2,
2015-03-08 05:00:00,4.85116681999386,41,650,2,
2015-03-09 05:00:00,4.88011499540019,41,650,2,
2015-03-10 05:00:00,4.90810794234896,41,650,2,
2015-03-11 05:00:00,4.96645507513032,41,650,2,
2015-03-12 05:00:00,4.91397577430235,41,650,2,
2015-03-13 05:00:00,4.86206531738731,41,650,2,
2015-03-14 05:00:00,4.84957528365532,41,650,2,
2015-03-15 05:00:00,4.89757896350813,41,650,2,
2015-03-16 05:00:00,4.79508892977614,41,650,2,
2015-03-17 05:00:00,4.73270622508432,41,650,2,
2015-03-18 05:00:00,4.70154707145046,41,650,2,
2015-03-19 05:00:00,4.80884237963814,41,650,2,
2015-03-20 05:00:00,4.94223244403558,41,650,2,
2015-03-21 05:00:00,5.03542931616068,41,650,2,
2015-03-22 05:00:00,4.97253143207604,41,650,2,
2015-03-23 05:00:00,4.98064244096902,41,650,2,
2015-03-24 05:00:00,5.09935449248695,41,650,2,
2015-03-25 05:00:00,5.17664980067464,41,650,2,
2015-03-26 05:00:00,5.19496473474394,41,650,2,
2015-03-27 05:00:00,5.20297914750075,41,650,2,
2015-03-28 05:00:00,5.23037105182459,41,650,2,
2015-03-29 05:00:00,4.77867525298987,41,650,2,
2015-03-30 05:00:00,4.6058095676173,41,650,2,
2015-03-31 05:00:00,4.61394204231831,41,650,2,
2015-04-01 05:00:00,4.70207451701931,41,650,2,
2015-04-02 05:00:00,4.76108708984974,41,650,2,
2015-04-03 05:00:00,4.69819993866911,41,650,2,
2015-04-04 05:00:00,4.68643974241031,41,650,2,
2015-04-05 05:00:00,4.72478687519166,41,650,2,
2015-04-06 05:00:00,4.63706071757129,41,650,2,
2015-04-07 05:00:00,4.65055811100889,41,650,2,
2015-04-08 05:00:00,4.77,41,650,2,
2015-04-09 05:00:00,4.65,41,650,2,
2015-04-10 05:00:00,4.62,41,650,2,
2015-04-11 05:00:00,4.55,41,650,2,
2015-04-12 05:00:00,4.53,41,650,2,
2015-04-13 05:00:00,4.63,41,650,2,
2015-04-14 05:00:00,4.88,41,650,2,
2015-04-15 05:00:00,4.74,41,650,2,
2015-04-16 05:00:00,4.69,41,650,2,
2015-04-17 05:00:00,4.86,41,650,2,
2015-04-18 05:00:00,4.99,41,650,2,
2015-04-19 05:00:00,5.12,41,650,2,
2015-04-20 05:00:00,5.13,41,650,2,
2015-04-21 05:00:00,5.29,41,650,2,
2015-04-22 05:00:00,5.35,41,650,2,
2015-04-23 05:00:00,5.39,41,650,2,
2015-04-24 05:00:00,5.41333333333333,41,650,2,
2015-04-25 05:00:00,5.38,41,650,2,
2015-04-26 05:00:00,5.4,41,650,2,
2015-04-27 05:00:00,5.36,41,650,2,
2015-04-28 05:00:00,5.285,41,650,2,
2015-04-29 05:00:00,5.27,41,650,2,
2015-04-30 05:00:00,5.27,41,650,2,
2015-05-01 05:00:00,5.13,41,650,2,
2015-05-02 05:00:00,5.01,41,650,2,
2015-05-03 05:00:00,4.96,41,650,2,
2015-05-04 05:00:00,4.98,41,650,2,
2015-05-05 05:00:00,5.17,41,650,2,
2015-05-06 05:00:00,5.05,41,650,2,
2015-05-07 05:00:00,5,41,650,2,
2015-05-08 05:00:00,4.98,41,650,2,
2015-05-09 05:00:00,4.91,41,650,2,
2015-05-10 05:00:00,4.83,41,650,2,
2015-05-11 05:00:00,4.77,41,650,2,
2015-05-12 05:00:00,4.79,41,650,2,
2015-05-13 05:00:00,4.73,41,650,2,
2015-05-14 05:00:00,4.74,41,650,2,
2015-05-15 05:00:00,4.83,41,650,2,
2015-05-16 05:00:00,4.885,41,650,2,
2015-05-17 05:00:00,4.94,41,650,2,
2015-05-18 05:00:00,4.99,41,650,2,
2015-05-19 05:00:00,4.95,41,650,2,
2015-05-20 05:00:00,4.93,41,650,2,
2015-05-21 05:00:00,4.81,41,650,2,
2015-05-22 05:00:00,4.71,41,650,2,
2015-05-23 05:00:00,4.625,41,650,2,
2015-05-24 05:00:00,4.58,41,650,2,
2015-05-25 05:00:00,4.57,41,650,2,
2015-05-26 05:00:00,4.85,41,650,2,
2015-05-27 05:00:00,4.93,41,650,2,
2015-05-28 05:00:00,4.92,41,650,2,
2015-05-29 05:00:00,4.91,41,650,2,
2015-05-30 05:00:00,4.89,41,650,2,
2015-05-31 05:00:00,4.81,41,650,2,
2015-06-01 05:00:00,4.71,41,650,2,
2015-06-02 05:00:00,4.81,41,650,2,
2015-06-03 05:00:00,4.87333333333333,41,650,2,
2015-06-04 05:00:00,5,41,650,2,
2015-06-05 05:00:00,4.98,40,650,2,
2015-06-06 05:00:00,4.91515281401411,40,650,2,
2015-06-07 05:00:00,4.81954528512857,40,650,2,
2015-06-08 05:00:00,4.75357435706298,40,650,2,
2015-06-09 05:00:00,4.65861349235923,40,650,2,
2015-06-10 05:00:00,4.50813082370468,40,650,2,
2015-06-11 05:00:00,4.66066716362269,40,650,2,
2015-06-12 05:00:00,4.76392471114415,40,650,2,
2015-06-13 05:00:00,4.64346999627272,40,650,2,
2015-06-14 05:00:00,4.64085352217658,40,650,2,
2015-06-15 05:00:00,4.57301528140135,40,650,2,
2015-06-16 05:00:00,4.53778792396569,40,650,2,
2015-06-17 05:00:00,4.50081252329486,40,650,2,
2015-06-18 05:00:00,4.38646477823335,40,650,2,
2015-06-19 05:00:00,4.34398993663812,40,650,2,
2015-06-20 05:00:00,4.27664554603053,40,650,2,
2015-06-21 05:00:00,4.19492545657848,40,650,2,
2015-06-22 05:00:00,4.12219530376446,40,650,2,
2015-06-23 05:00:00,4.04985650391357,40,650,2,
2015-06-24 05:00:00,4.19525903838999,40,650,2,
2015-06-25 05:00:00,4.40754006708916,40,650,2,
2015-06-26 05:00:00,4.40857249347748,40,650,2,
2015-06-27 05:00:00,4.41783451360431,40,650,2,
2015-06-28 05:00:00,4.44948005963476,40,650,2,
2015-06-29 05:00:00,4.44575661572868,40,650,2,
2015-06-30 05:00:00,4.43366194558339,40,650,2,
2015-07-01 05:00:00,4.42244688781214,40,650,2,
2015-07-02 05:00:00,4.45183935892655,40,650,2,
2015-07-03 05:00:00,4.50611815132315,40,650,2,
2015-07-04 05:00:00,4.64,41,650,2,
2015-07-05 05:00:00,4.75,41,650,2,
2015-07-06 05:00:00,4.86,41,650,2,
2015-07-07 05:00:00,4.94,41,650,2,
2015-07-08 05:00:00,5.02,41,650,2,
2015-07-09 05:00:00,5.04,41,650,2,
2015-07-10 05:00:00,5.04,41,650,2,
2015-07-11 05:00:00,5.04,41,650,2,
2015-07-12 05:00:00,5,41,650,2,
2015-07-13 05:00:00,4.98,41,650,2,
2015-07-14 05:00:00,5.01,41,650,2,
2015-07-15 05:00:00,5.09,41,650,2,
2015-07-16 05:00:00,5.13,41,650,2,
2015-07-17 05:00:00,5.13,41,650,2,
2015-07-18 05:00:00,5.11,41,650,2,
2015-07-19 05:00:00,5.14,41,650,2,
2015-07-20 05:00:00,5.16,41,650,2,
2015-07-21 05:00:00,5.21,41,650,2,
2015-07-22 05:00:00,5.225,41,650,2,
2015-07-23 05:00:00,5.23,41,650,2,
2015-07-24 05:00:00,5.25,41,650,2,
2015-07-25 05:00:00,5.28,41,650,2,
2015-07-26 05:00:00,5.44,41,650,2,
2015-07-27 05:00:00,5.55,41,650,2,
2015-07-28 05:00:00,5.62,41,650,2,
2015-07-29 05:00:00,5.66,41,650,2,
2015-07-30 05:00:00,5.65,41,650,2,
2015-07-31 05:00:00,5.67,41,650,2,
2015-08-01 05:00:00,5.69,41,650,2,
2015-08-02 05:00:00,5.77,41,650,2,
2015-08-03 05:00:00,5.81,41,650,2,
2015-08-04 05:00:00,5.8,41,650,2,
2015-08-05 05:00:00,5.76,41,650,2,
2015-08-06 05:00:00,5.75,41,650,2,
2015-08-07 05:00:00,5.78,41,650,2,
2015-08-08 05:00:00,5.83,41,650,2,
2015-08-09 05:00:00,5.85,41,650,2,
2015-08-10 05:00:00,5.87,41,650,2,
2015-08-11 05:00:00,5.91,41,650,2,
2015-08-12 05:00:00,5.92,41,650,2,
2015-08-13 05:00:00,5.9,41,650,2,
2015-08-14 05:00:00,5.81,41,650,2,
2015-08-15 05:00:00,5.745,41,650,2,
2015-08-16 05:00:00,5.69,41,650,2,
2015-08-17 05:00:00,5.655,41,650,2,
2015-08-18 05:00:00,5.64,41,650,2,
2015-08-19 05:00:00,5.6,41,650,2,
2015-08-20 05:00:00,5.54,41,650,2,
2015-08-21 05:00:00,5.52,41,650,2,
2015-08-22 05:00:00,5.47,41,650,2,
2015-08-23 05:00:00,5.4,41,650,2,
2015-08-24 05:00:00,5.31,41,650,2,
2015-08-25 05:00:00,5.26,41,650,2,
2015-08-26 05:00:00,5.27,41,650,2,
2015-08-27 05:00:00,5.24,41,650,2,
2015-08-28 05:00:00,5.07,41,650,2,
2015-08-29 05:00:00,4.975,41,650,2,
2015-08-30 05:00:00,4.91,41,650,2,
2015-08-31 05:00:00,4.83,41,650,2,
2015-09-01 05:00:00,4.925,41,650,2,
2015-09-02 05:00:00,5.01,41,650,2,
2015-09-03 05:00:00,5.02,41,650,2,
2015-09-04 05:00:00,4.96,41,650,2,
2015-09-05 05:00:00,4.69,41,650,2,
2015-09-06 05:00:00,4.625,41,650,2,
2015-09-07 05:00:00,4.6,41,650,2,
2015-09-08 05:00:00,4.64,41,650,2,
2015-09-09 05:00:00,4.89,41,650,2,
2015-09-10 05:00:00,4.9,41,650,2,
2015-09-11 05:00:00,4.71,41,650,2,
2015-09-12 05:00:00,4.59,41,650,2,
2015-09-13 05:00:00,4.61,41,650,2,
2015-09-14 05:00:00,4.72,41,650,2,
2015-09-15 05:00:00,4.66,41,650,2,
2015-09-16 05:00:00,4.62,41,650,2,
2015-09-17 05:00:00,4.62,41,650,2,
2015-09-18 05:00:00,4.59,41,650,2,
2015-09-19 05:00:00,4.54,41,650,2,
2015-09-20 05:00:00,4.55,41,650,2,
2015-09-21 05:00:00,4.55,41,650,2,
2015-09-22 05:00:00,4.47,41,650,2,
2015-09-23 05:00:00,4.53,41,650,2,
2015-09-24 05:00:00,4.48,41,650,2,
2015-09-25 05:00:00,4.46,41,650,2,
2015-09-26 05:00:00,4.54,41,650,2,
2015-09-27 05:00:00,4.7,41,650,2,
2015-09-28 05:00:00,4.84,41,650,2,
2015-09-29 05:00:00,5.03,41,650,2,
2015-09-30 05:00:00,5.28,41,650,2,
2015-10-01 05:00:00,5.29,41,650,2,
2015-10-02 05:00:00,5.24,41,650,2,
2015-10-03 05:00:00,5.15,41,650,2,
2015-10-04 05:00:00,5.11,41,650,2,
2015-10-05 05:00:00,5.13,41,650,2,
2015-10-06 05:00:00,5.16,41,650,2,
2015-10-07 05:00:00,5.19,41,650,2,
2015-10-08 05:00:00,5.24,41,650,2,
2015-10-09 05:00:00,5.29,41,650,2,
2015-10-10 05:00:00,5.34,41,650,2,
2015-10-11 05:00:00,5.35,41,650,2,
2015-10-12 05:00:00,5.29,41,650,2,
2015-10-13 05:00:00,5.29,41,650,2,
2015-10-14 05:00:00,5.3,41,650,2,
2015-10-15 05:00:00,5.26,41,650,2,
2015-10-16 05:00:00,5.2,41,650,2,
2015-10-17 05:00:00,5.18,41,650,2,
2015-10-18 05:00:00,5.14,41,650,2,
2015-10-19 05:00:00,5.07,41,650,2,
2015-10-20 05:00:00,5.07,41,650,2,
2015-10-21 05:00:00,5.1,41,650,2,
2015-10-22 05:00:00,5.15,41,650,2,
2015-10-23 05:00:00,5.17,41,650,2,
2015-10-24 05:00:00,5.17,41,650,2,
2015-10-25 05:00:00,5.17,41,650,2,
2015-10-26 05:00:00,5.19,41,650,2,
2015-10-27 05:00:00,5.25,41,650,2,
2015-10-28 05:00:00,5.36,41,650,2,
2015-10-29 05:00:00,5.3,41,650,2,
2015-10-30 05:00:00,5.16,41,650,2,
2015-10-31 05:00:00,5.07,41,650,2,
2015-11-01 05:00:00,5.09,41,650,2,
2015-11-02 05:00:00,5.13,41,650,2,
2015-11-03 05:00:00,5.13,41,650,2,
2015-11-04 05:00:00,5.07,41,650,2,
2015-11-05 05:00:00,5.03,41,650,2,
2015-11-06 05:00:00,5.01,41,650,2,
2015-11-07 05:00:00,5.01,41,650,2,
2015-11-08 05:00:00,5,41,650,2,
2015-11-09 05:00:00,5.02,41,650,2,
2015-11-10 05:00:00,5.29,41,650,2,
2015-11-11 05:00:00,5.49,41,650,2,
2015-11-12 05:00:00,5.62,41,650,2,
2015-11-13 05:00:00,5.74,41,650,2,
2015-11-14 05:00:00,5.72,41,650,2,
2015-11-15 05:00:00,5.33,41,650,2,
2015-11-16 05:00:00,5.06,41,650,2,
2015-11-17 05:00:00,4.93,41,650,2,
2015-11-18 05:00:00,5.08,41,650,2,
2015-11-19 05:00:00,5.35,41,650,2,
2015-11-20 05:00:00,6.16,41,650,2,
2015-11-21 05:00:00,6.49,41,650,2,
2015-11-22 05:00:00,6.51,41,650,2,
2015-11-23 05:00:00,6.34,41,650,2,
2015-11-24 05:00:00,6.03,41,650,2,
2015-11-25 05:00:00,5.79,41,650,2,
2015-11-26 05:00:00,5.65,41,650,2,
2015-11-27 05:00:00,5.49,41,650,2,
2015-11-28 05:00:00,5.37,41,650,2,
2015-11-29 05:00:00,5.27,41,650,2,
2015-11-30 05:00:00,5.18,41,650,2,
2015-12-01 05:00:00,5.12,41,650,2,
2015-12-02 05:00:00,5.1,41,650,2,
2015-12-03 05:00:00,5.22,41,650,2,
2015-12-04 05:00:00,5.24,41,650,2,
2015-12-05 05:00:00,5.13,41,650,2,
2015-12-06 05:00:00,5.04,41,650,2,
2015-12-07 05:00:00,5.01,41,650,2,
2015-12-08 05:00:00,5.11,41,650,2,
2015-12-09 05:00:00,5.155,41,650,2,
2015-12-10 05:00:00,5.18,41,650,2,
2015-12-11 05:00:00,5.23,41,650,2,
2015-12-12 05:00:00,5.3,41,650,2,
2015-12-13 05:00:00,5.33,41,650,2,
2015-12-14 05:00:00,5.43,41,650,2,
2015-12-15 05:00:00,5.54,41,650,2,
2015-12-16 05:00:00,5.55,41,650,2,
2015-12-17 05:00:00,5.56,41,650,2,
2015-12-18 05:00:00,5.63,41,650,2,
2015-12-19 05:00:00,5.55,41,650,2,
2015-12-20 05:00:00,5.22,41,650,2,
2015-12-21 05:00:00,5.19,41,650,2,
2015-12-22 05:00:00,5.34,41,650,2,
2015-12-23 05:00:00,5.51,41,650,2,
2015-12-24 05:00:00,5.63,41,650,2,
2015-12-25 05:00:00,5.72,41,650,2,
2015-12-26 05:00:00,5.69,41,650,2,
2015-12-27 05:00:00,5.68,41,650,2,
2015-12-28 05:00:00,5.69,41,650,2,
2015-12-29 05:00:00,5.74,41,650,2,
2015-12-30 05:00:00,5.77,41,650,2,
2015-12-31 05:00:00,5.76,41,650,2,
2016-01-01 05:00:00,5.76,41,650,2,
2016-01-02 05:00:00,5.72,41,650,2,
2016-01-03 05:00:00,5.27,41,650,2,
2016-01-04 05:00:00,5.02,41,650,2,
2016-01-05 05:00:00,4.83,41,650,2,
2016-01-06 05:00:00,4.665,41,650,2,
2016-01-07 05:00:00,4.58,41,650,2,
2016-01-08 05:00:00,4.62,41,650,2,
2016-01-09 05:00:00,5.09,41,650,2,
2016-01-10 05:00:00,5.43,41,650,2,
2016-01-11 05:00:00,5.54,41,650,2,
2016-01-12 05:00:00,5.03,41,650,2,
2016-01-13 05:00:00,4.85,41,650,2,
2016-01-14 05:00:00,4.71,41,650,2,
2016-01-15 05:00:00,4.81,41,650,2,
2016-01-16 05:00:00,5.33,41,650,2,
2016-01-17 05:00:00,5.42,41,650,2,
2016-01-18 05:00:00,5.51,41,650,2,
2016-01-19 05:00:00,5.08,41,650,2,
2016-01-20 05:00:00,4.82,41,650,2,
2016-01-21 05:00:00,4.79,41,650,2,
2016-01-22 05:00:00,4.84,41,650,2,
2016-01-23 05:00:00,5.27,41,650,2,
2016-01-24 05:00:00,4.98,41,650,2,
2016-01-25 05:00:00,4.78,41,650,2,
2016-01-26 05:00:00,4.8,41,650,2,
2016-01-27 05:00:00,4.86,41,650,2,
2016-01-28 05:00:00,4.95,41,650,2,
2016-01-29 05:00:00,4.885,41,650,2,
2016-01-30 05:00:00,4.69,41,650,2,
2016-01-31 05:00:00,4.63,41,650,2,
2016-02-01 05:00:00,5,41,650,2,
2016-02-02 05:00:00,5.28,41,650,2,
2016-02-03 05:00:00,5.39,41,650,2,
2016-02-04 05:00:00,5.5,41,650,2,
2016-02-05 05:00:00,5.6,41,650,2,
2016-02-06 05:00:00,5.18,41,650,2,
2016-02-07 05:00:00,4.97,41,650,2,
2016-02-08 05:00:00,4.83,41,650,2,
2016-02-09 05:00:00,4.87,41,650,2,
2016-02-10 05:00:00,4.74,41,650,2,
2016-02-11 05:00:00,4.64,41,650,2,
2016-02-12 05:00:00,4.65,41,650,2,
2016-02-13 05:00:00,4.68,41,650,2,
2016-02-14 05:00:00,4.61,41,650,2,
2016-02-15 05:00:00,4.55,41,650,2,
2016-02-16 05:00:00,4.65,41,650,2,
2016-02-17 05:00:00,5.02,41,650,2,
2016-02-18 05:00:00,4.88,41,650,2,
2016-02-19 05:00:00,4.67,41,650,2,
2016-02-20 05:00:00,4.62,41,650,2,
2016-02-21 05:00:00,4.61,41,650,2,
2016-02-22 05:00:00,4.64,41,650,2,
2016-02-23 05:00:00,4.63,41,650,2,
2016-02-24 05:00:00,4.71,41,650,2,
2016-02-25 05:00:00,4.97,41,650,2,
2016-02-26 05:00:00,4.51,41,650,2,
2016-02-27 05:00:00,4.37,41,650,2,
2016-02-28 05:00:00,4.33,41,650,2,
2016-02-29 05:00:00,4.31,41,650,2,
2016-03-01 05:00:00,4.33,41,650,2,
2016-03-02 05:00:00,4.32,41,650,2,
2016-03-03 05:00:00,4.28,41,650,2,
2016-03-04 05:00:00,4.265,41,650,2,
2016-03-05 05:00:00,4.24,41,650,2,
2016-03-06 05:00:00,4.26,41,650,2,
2016-03-07 05:00:00,4.14,41,650,2,
2016-03-08 05:00:00,4.27,41,650,2,
2016-03-09 05:00:00,4.43,41,650,2,
2016-03-10 05:00:00,4.62,41,650,2,
2016-03-11 05:00:00,4.77,41,650,2,
2016-03-12 05:00:00,4.74,41,650,2,
2016-03-13 05:00:00,4.6,41,650,2,
2016-03-14 05:00:00,4.48,41,650,2,
2016-03-15 05:00:00,4.39,41,650,2,
2016-03-16 05:00:00,4.22,41,650,2,
2016-03-17 05:00:00,4.17,41,650,2,
2016-03-18 05:00:00,4.15,41,650,2,
2016-03-19 05:00:00,4.31,41,650,2,
2016-03-20 05:00:00,4.51,41,650,2,
2016-03-21 05:00:00,4.34,41,650,2,
2016-03-22 05:00:00,4,41,650,2,
2016-03-23 05:00:00,3.99,41,650,2,
2016-03-24 05:00:00,4.11,41,650,2,
2016-03-25 05:00:00,4.375,41,650,2,
2016-03-26 05:00:00,4.45,41,650,2,
2016-03-27 05:00:00,4.41,41,650,2,
2016-03-28 05:00:00,4.38,41,650,2,
2016-03-29 05:00:00,4.82,41,650,2,
2016-03-30 05:00:00,5.12,41,650,2,
2016-03-31 05:00:00,5.33,41,650,2,
2016-04-01 05:00:00,5.43,41,650,2,
2016-04-02 05:00:00,5.47,41,650,2,
2016-04-03 05:00:00,5.87,41,650,2,
2016-04-04 05:00:00,6.24,41,650,2,
2016-04-05 05:00:00,6.57,41,650,2,
2016-04-06 05:00:00,6.6,41,650,2,
2016-04-07 05:00:00,6.54,41,650,2,
2016-04-08 05:00:00,6.42,41,650,2,
2016-04-09 05:00:00,6.22,41,650,2,
2016-04-10 05:00:00,5.95,41,650,2,
2016-04-11 05:00:00,5.78,41,650,2,
2016-04-12 05:00:00,5.67,41,650,2,
2016-04-13 05:00:00,5.58,41,650,2,
2016-04-14 05:00:00,5.45,41,650,2,
2016-04-15 05:00:00,5.41,41,650,2,
2016-04-16 05:00:00,5.4,41,650,2,
2016-04-17 05:00:00,5.37,41,650,2,
2016-04-18 05:00:00,5.31,41,650,2,
2016-04-19 05:00:00,5.26,41,650,2,
2016-04-20 05:00:00,5.2,41,650,2,
2016-04-21 05:00:00,5.14,41,650,2,
2016-04-22 05:00:00,5.13,41,650,2,
2016-04-23 05:00:00,5.11,41,650,2,
2016-04-24 05:00:00,5.06,41,650,2,
2016-04-25 05:00:00,4.97,41,650,2,
2016-04-26 05:00:00,4.96,41,650,2,
2016-04-27 05:00:00,4.95,41,650,2,
2016-04-28 05:00:00,4.93,41,650,2,
2016-04-29 05:00:00,4.89,41,650,2,
2016-04-30 05:00:00,4.86,41,650,2,
2016-05-01 05:00:00,4.85,41,650,2,
2016-05-02 05:00:00,4.84,41,650,2,
2016-05-03 05:00:00,4.825,41,650,2,
2016-05-03 05:00:01,,-3,650,2,
2016-06-10 04:59:59,,-3,650,2,
2016-06-10 05:00:00,5.7,41,650,2,
2016-06-11 05:00:00,5.47,41,650,2,
2016-06-12 05:00:00,5.28,41,650,2,
2016-06-13 05:00:00,5.17,41,650,2,
2016-06-14 05:00:00,5.15,41,650,2,
2016-06-15 05:00:00,5.11,41,650,2,
2016-06-16 05:00:00,5.04,41,650,2,
2016-06-17 05:00:00,5.01,41,650,2,
2016-06-18 05:00:00,5,41,650,2,
2016-06-19 05:00:00,5.01,41,650,2,
2016-06-20 05:00:00,4.99,41,650,2,
2016-06-21 05:00:00,4.91,41,650,2,
2016-06-22 05:00:00,4.89,41,650,2,
2016-06-23 05:00:00,4.87,41,650,2,
2016-06-24 05:00:00,4.84,41,650,2,
2016-06-25 05:00:00,4.77,41,650,2,
2016-06-26 05:00:00,4.68,41,650,2,
2016-06-27 05:00:00,4.61,41,650,2,
2016-06-28 05:00:00,4.71,41,650,2,
2016-06-29 05:00:00,4.67,41,650,2,
2016-06-30 05:00:00,4.61,41,650,2,
2016-07-01 05:00:00,4.72,41,650,2,
2016-07-02 05:00:00,4.83,41,650,2,
2016-07-03 05:00:00,4.75,41,650,2,
2016-07-04 05:00:00,4.71,41,650,2,
2016-07-05 05:00:00,4.665,41,650,2,
2016-07-06 05:00:00,4.61,41,650,2,
2016-07-07 05:00:00,4.59,41,650,2,
2016-07-08 05:00:00,4.58,41,650,2,
2016-07-09 05:00:00,4.54,41,650,2,
2016-07-10 05:00:00,4.47,41,650,2,
2016-07-11 05:00:00,4.52,41,650,2,
2016-07-12 05:00:00,4.6,41,650,2,
2016-07-13 05:00:00,4.71,41,650,2,
2016-07-14 05:00:00,4.76,41,650,2,
2016-07-15 05:00:00,4.79,41,650,2,
2016-07-16 05:00:00,4.81,41,650,2,
2016-07-17 05:00:00,4.9,41,650,2,
2016-07-18 05:00:00,4.96,41,650,2,
2016-07-19 05:00:00,4.97,41,650,2,
2016-07-20 05:00:00,4.93,41,650,2,
2016-07-21 05:00:00,4.84,41,650,2,
2016-07-22 05:00:00,4.74,41,650,2,
2016-07-23 05:00:00,4.67,41,650,2,
2016-07-24 05:00:00,4.62,41,650,2,
2016-07-25 05:00:00,4.62,41,650,2,
2016-07-26 05:00:00,4.64,41,650,2,
2016-07-27 05:00:00,4.55,41,650,2,
2016-07-28 05:00:00,4.56,41,650,2,
2016-07-29 05:00:00,4.61,41,650,2,
2016-07-30 05:00:00,4.63,41,650,2,
2016-07-31 05:00:00,4.65,41,650,2,
2016-08-01 05:00:00,4.55,41,650,2,
2016-08-02 05:00:00,4.72,41,650,2,
2016-08-03 05:00:00,4.84,41,650,2,
2016-08-04 05:00:00,4.97,41,650,2,
2016-08-05 05:00:00,5.12,41,650,2,
2016-08-06 05:00:00,5.28,41,650,2,
2016-08-07 05:00:00,5.42,41,650,2,
2016-08-08 05:00:00,5.52,41,650,2,
2016-08-09 05:00:00,5.36,41,650,2,
2016-08-10 05:00:00,5.19,41,650,2,
2016-08-11 05:00:00,5.41,41,650,2,
2016-08-12 05:00:00,5.77,41,650,2,
2016-08-13 05:00:00,6.19,51,650,2,
2016-08-14 05:00:00,6.15,51,650,2,
2016-08-15 05:00:00,5.89,51,650,2,
2016-08-16 05:00:00,5.72,51,650,2,
2016-08-17 05:00:00,5.57,51,650,2,
2016-08-18 05:00:00,5.44,51,650,2,
2016-08-19 05:00:00,5.32,51,650,2,
2016-08-20 05:00:00,5.2,51,650,2,
2016-08-21 05:00:00,5.09,51,650,2,
2016-08-22 05:00:00,5.03,51,650,2,
2016-08-23 05:00:00,4.96,51,650,2,
2016-08-24 05:00:00,4.92,51,650,2,
2016-08-25 05:00:00,5.01,51,650,2,
2016-08-26 05:00:00,5.04,51,650,2,
2016-08-27 05:00:00,5.06,51,650,2,
2016-08-28 05:00:00,5.04,51,650,2,
2016-08-29 05:00:00,4.99,51,650,2,
2016-08-30 05:00:00,4.925,51,650,2,
2016-08-31 05:00:00,4.945,51,650,2,
2016-09-01 05:00:00,4.98,51,650,2,
2016-09-02 05:00:00,5.26,51,650,2,
2016-09-03 05:00:00,6.8,51,650,2,
2016-09-04 05:00:00,7,51,650,2,
2016-09-05 05:00:00,7.2,51,650,2,
2016-09-06 05:00:00,7.33,51,650,2,
2016-09-07 05:00:00,7.31,51,650,2,
2016-09-08 05:00:00,7.14,51,650,2,
2016-09-09 05:00:00,6.92,41,650,2,
2016-09-10 05:00:00,6.71,41,650,2,
2016-09-11 05:00:00,6.49,41,650,2,
2016-09-12 05:00:00,6.29,41,650,2,
2016-09-13 05:00:00,6.12,41,650,2,
2016-09-14 05:00:00,5.97,41,650,2,
2016-09-15 05:00:00,5.84,41,650,2,
2016-09-16 05:00:00,5.73,41,650,2,
2016-09-17 05:00:00,5.63,41,650,2,
2016-09-18 05:00:00,5.54,41,650,2,
2016-09-19 05:00:00,5.46,41,650,2,
2016-09-20 05:00:00,5.44,41,650,2,
2016-09-21 05:00:00,5.51,41,650,2,
2016-09-22 05:00:00,5.51,41,650,2,
2016-09-23 05:00:00,5.47,41,650,2,
2016-09-24 05:00:00,5.4,41,650,2,
2016-09-25 05:00:00,5.32,41,650,2,
2016-09-26 05:00:00,5.26,41,650,2,
2016-09-27 05:00:00,5.21,41,650,2,
2016-09-28 05:00:00,5.19,41,650,2,
2016-09-29 05:00:00,5.19,41,650,2,
2016-09-30 05:00:00,5.19,41,650,2,
2016-10-01 05:00:00,5.12,41,650,2,
2016-10-02 05:00:00,5.06,41,650,2,
2016-10-03 05:00:00,5.02,41,650,2,
2016-10-04 05:00:00,5,41,650,2,
2016-10-05 05:00:00,4.95,41,650,2,
2016-10-06 05:00:00,4.86,41,650,2,
2016-10-07 05:00:00,4.77,41,650,2,
2016-10-08 05:00:00,4.66,41,650,2,
2016-10-09 05:00:00,4.66,41,650,2,
2016-10-10 05:00:00,4.67,41,650,2,
2016-10-11 05:00:00,4.66,41,650,2,
2016-10-12 05:00:00,4.76,41,650,2,
2016-10-13 05:00:00,4.64,41,650,2,
2016-10-14 05:00:00,4.74,41,650,2,
2016-10-15 05:00:00,4.83,41,650,2,
2016-10-16 05:00:00,4.89,41,650,2,
2016-10-17 05:00:00,4.95,41,650,2,
2016-10-18 05:00:00,4.97,41,650,2,
2016-10-19 05:00:00,5.045,41,650,2,
2016-10-20 05:00:00,5.07,41,650,2,
2016-10-21 05:00:00,5.05,41,650,2,
2016-10-22 05:00:00,4.86,41,650,2,
2016-10-23 05:00:00,4.52,41,650,2,
2016-10-24 05:00:00,4.48,41,650,2,
2016-10-25 05:00:00,4.77,41,650,2,
2016-10-26 05:00:00,4.91,41,650,2,
2016-10-27 05:00:00,5.02,41,650,2,
2016-10-28 05:00:00,5.11,41,650,2,
2016-10-29 05:00:00,5.17,41,650,2,
2016-10-30 05:00:00,5.24,41,650,2,
2016-10-31 05:00:00,5.3,41,650,2,
2016-11-01 05:00:00,5.34,41,650,2,
2016-11-02 05:00:00,5.4,41,650,2,
2016-11-03 05:00:00,5.41,41,650,2,
2016-11-04 05:00:00,5.4,41,650,2,
2016-11-05 05:00:00,5.35,41,650,2,
2016-11-06 05:00:00,5.28,41,650,2,
2016-11-07 05:00:00,5.28,41,650,2,
2016-11-08 05:00:00,5.3,41,650,2,
2016-11-09 05:00:00,5.33,41,650,2,
2016-11-10 05:00:00,5.4,41,650,2,
2016-11-11 05:00:00,5.39,41,650,2,
2016-11-12 05:00:00,5.37,41,650,2,
2016-11-13 05:00:00,5.37,41,650,2,
2016-11-14 05:00:00,5.38666666666667,41,650,2,
2016-11-15 05:00:00,5.38,41,650,2,
2016-11-16 05:00:00,5.39,41,650,2,
2016-11-17 05:00:00,5.36,41,650,2,
2016-11-18 05:00:00,5.34,41,650,2,
2016-11-19 05:00:00,5.34,41,650,2,
2016-11-20 05:00:00,5.29,41,650,2,
2016-11-21 05:00:00,5.12,41,650,2,
2016-11-22 05:00:00,5.14,41,650,2,
2016-11-23 05:00:00,5.16,41,650,2,
2016-11-24 05:00:00,5.18,41,650,2,
2016-11-25 05:00:00,5.21,41,650,2,
2016-11-26 05:00:00,5.2,41,650,2,
2016-11-27 05:00:00,5.16,41,650,2,
2016-11-28 05:00:00,5.135,41,650,2,
2016-11-29 05:00:00,5.22,41,650,2,
2016-11-30 05:00:00,5.32,41,650,2,
2016-12-01 05:00:00,5.31,41,650,2,
2016-12-02 05:00:00,5.21,41,650,2,
2016-12-03 05:00:00,5.1,41,650,2,
2016-12-04 05:00:00,5.07,41,650,2,
2016-12-05 05:00:00,5.14,41,650,2,
2016-12-06 05:00:00,5.22,41,650,2,
2016-12-07 05:00:00,5.31,41,650,2,
2016-12-08 05:00:00,5.18,41,650,2,
2016-12-09 05:00:00,5.14,41,650,2,
2016-12-10 05:00:00,5.07,41,650,2,
2016-12-11 05:00:00,5.04,41,650,2,
2016-12-12 05:00:00,5.06,41,650,2,
2016-12-13 05:00:00,5.11,41,650,2,
2016-12-14 05:00:00,5.14,41,650,2,
2016-12-15 05:00:00,5.16,41,650,2,
2016-12-16 05:00:00,5.1,41,650,2,
2016-12-17 05:00:00,5.09,41,650,2,
2016-12-18 05:00:00,5.17,41,650,2,
2016-12-19 05:00:00,5.2,41,650,2,
2016-12-20 05:00:00,5.13,41,650,2,
2016-12-21 05:00:00,5.06,41,650,2,
2016-12-22 05:00:00,5.03,41,650,2,
2016-12-23 05:00:00,5.02,41,650,2,
2016-12-24 05:00:00,5,41,650,2,
2016-12-25 05:00:00,5.01,41,650,2,
2016-12-26 05:00:00,5.025,41,650,2,
2016-12-27 05:00:00,5.01,41,650,2,
2016-12-28 05:00:00,5.02,41,650,2,
2016-12-29 05:00:00,5.015,41,650,2,
2016-12-30 05:00:00,5.02,41,650,2,
2016-12-31 05:00:00,4.9,41,650,2,
2017-01-01 05:00:00,4.97,41,650,2,
2017-01-02 05:00:00,5.13,41,650,2,
2017-01-03 05:00:00,5.17,41,650,2,
2017-01-04 05:00:00,5.34,41,650,2,
2017-01-05 05:00:00,5.49,41,650,2,
2017-01-06 05:00:00,5.59,41,650,2,
2017-01-07 05:00:00,5.69,41,650,2,
2017-01-08 05:00:00,5.75,41,650,2,
2017-01-09 05:00:00,5.63,41,650,2,
2017-01-10 05:00:00,5.64,41,650,2,
2017-01-11 05:00:00,5.63,41,650,2,
2017-01-12 05:00:00,5.69,41,650,2,
2017-01-13 05:00:00,5.61,41,650,2,
2017-01-14 05:00:00,5.38,41,650,2,
2017-01-15 05:00:00,5.17,41,650,2,
2017-01-16 05:00:00,5.07,41,650,2,
2017-01-17 05:00:00,5.01,41,650,2,
2017-01-18 05:00:00,4.97,41,650,2,
2017-01-19 05:00:00,4.82,41,650,2,
2017-01-20 05:00:00,4.745,41,650,2,
2017-01-21 05:00:00,5,41,650,2,
2017-01-22 05:00:00,5.13,41,650,2,
2017-01-23 05:00:00,5.55,41,650,2,
2017-01-24 05:00:00,5.68,41,650,2,
2017-01-25 05:00:00,5.56,41,650,2,
2017-01-26 05:00:00,5.58,41,650,2,
2017-01-27 05:00:00,5.54,41,650,2,
2017-01-28 05:00:00,5.41,41,650,2,
2017-01-29 05:00:00,5.29,41,650,2,
2017-01-30 05:00:00,5.21,41,650,2,
2017-01-31 05:00:00,5.08,41,650,2,
2017-02-01 05:00:00,5.03,41,650,2,
2017-02-02 05:00:00,4.99,41,650,2,
2017-02-02 05:00:01,,-3,650,2,
2017-02-04 04:59:59,,-3,650,2,
2017-02-04 05:00:00,4.8275,41,650,2,
2017-02-05 05:00:00,4.7,41,650,2,
2017-02-06 05:00:00,4.66,41,650,2,
2017-02-07 05:00:00,4.62,41,650,2,
2017-02-08 05:00:00,4.705,41,650,2,
2017-02-09 05:00:00,4.835,41,650,2,
2017-02-10 05:00:00,4.69,41,650,2,
2017-02-11 05:00:00,4.56,41,650,2,
2017-02-12 05:00:00,4.625,41,650,2,
2017-02-13 05:00:00,4.615,41,650,2,
2017-02-14 05:00:00,4.52,41,650,2,
2017-02-15 05:00:00,4.51,41,650,2,
2017-02-16 05:00:00,4.55,41,650,2,
2017-02-17 05:00:00,4.37,41,650,2,
2017-02-18 05:00:00,4.31,41,650,2,
2017-02-19 05:00:00,4.34,41,650,2,
2017-02-20 05:00:00,4.39,41,650,2,
2017-02-21 05:00:00,4.31,41,650,2,
2017-02-22 05:00:00,4.33,41,650,2,
2017-02-23 05:00:00,4.62,41,650,2,
2017-02-24 05:00:00,4.49,41,650,2,
2017-02-25 05:00:00,4.47,41,650,2,
2017-02-26 05:00:00,4.53,41,650,2,
2017-02-27 05:00:00,4.32,41,650,2,
2017-02-28 05:00:00,4.48,41,650,2,
2017-03-01 05:00:00,4.55,41,650,2,
2017-03-02 05:00:00,4.51,41,650,2,
2017-03-03 05:00:00,4.34,41,650,2,
2017-03-04 05:00:00,4.11,41,650,2,
2017-03-05 05:00:00,4.05,41,650,2,
2017-03-06 05:00:00,4.1,41,650,2,
2017-03-07 05:00:00,4.4,41,650,2,
2017-03-08 05:00:00,4.55,41,650,2,
2017-03-09 05:00:00,4.39,41,650,2,
2017-03-10 05:00:00,4.24,41,650,2,
2017-03-11 05:00:00,4.16,41,650,2,
2017-03-12 05:00:00,4.13,41,650,2,
2017-03-13 05:00:00,4.22,41,650,2,
2017-03-14 05:00:00,4.23,41,650,2,
2017-03-15 05:00:00,4.33,41,650,2,
2017-03-16 05:00:00,3.99,41,650,2,
2017-03-17 05:00:00,3.91,41,650,2,
2017-03-18 05:00:00,3.92,41,650,2,
2017-03-19 05:00:00,3.93,41,650,2,
2017-03-20 05:00:00,3.93,41,650,2,
2017-03-21 05:00:00,3.9,41,650,2,
2017-03-22 05:00:00,3.9,41,650,2,
2017-03-23 05:00:00,3.96,41,650,2,
2017-03-24 05:00:00,4.05,41,650,2,
2017-03-25 05:00:00,3.96,41,650,2,
2017-03-26 05:00:00,4.23,41,650,2,
2017-03-27 05:00:00,4.39,41,650,2,
2017-03-28 05:00:00,4.49,41,650,2,
2017-03-29 05:00:00,4.56,41,650,2,
2017-03-30 05:00:00,4.595,41,650,2,
2017-03-31 05:00:00,4.66,41,650,2,
2017-04-01 05:00:00,4.82,41,650,2,
2017-04-02 05:00:00,4.79,41,650,2,
2017-04-03 05:00:00,4.7,41,650,2,
2017-04-04 05:00:00,4.82,41,650,2,
2017-04-05 05:00:00,5.31,41,650,2,
2017-04-06 05:00:00,5.36,41,650,2,
2017-04-07 05:00:00,5.14,41,650,2,
2017-04-08 05:00:00,4.87,41,650,2,
2017-04-09 05:00:00,4.79,41,650,2,
2017-04-10 05:00:00,4.74,41,650,2,
2017-04-11 05:00:00,4.725,41,650,2,
2017-04-12 05:00:00,4.7,41,650,2,
2017-04-13 05:00:00,4.68,41,650,2,
2017-04-14 05:00:00,4.63,41,650,2,
2017-04-15 05:00:00,4.58,41,650,2,
2017-04-16 05:00:00,4.54,41,650,2,
2017-04-17 05:00:00,4.53,41,650,2,
2017-04-18 05:00:00,4.48,41,650,2,
2017-04-19 05:00:00,4.45,41,650,2,
2017-04-20 05:00:00,4.43,41,650,2,
2017-04-21 05:00:00,4.39,41,650,2,
2017-04-22 05:00:00,4.47,41,650,2,
2017-04-23 05:00:00,4.58,41,650,2,
2017-04-24 05:00:00,4.61,41,650,2,
2017-04-25 05:00:00,4.44,41,650,2,
2017-04-26 05:00:00,4.4,41,650,2,
2017-04-27 05:00:00,4.52,41,650,2,
2017-04-28 05:00:00,4.72,41,650,2,
2017-04-29 05:00:00,4.66,41,650,2,
2017-04-30 05:00:00,4.57,41,650,2,
2017-05-01 05:00:00,4.64,41,650,2,
2017-05-02 05:00:00,4.68,41,650,2,
2017-05-03 05:00:00,4.45,41,650,2,
2017-05-04 05:00:00,4.34977904040404,40,650,2,
2017-05-05 05:00:00,4.72824810606062,40,650,2,
2017-05-06 05:00:00,4.51703282828283,40,650,2,
2017-05-07 05:00:00,4.21515467171717,40,650,2,
2017-05-08 05:00:00,4.23454703282829,40,650,2,
2017-05-09 05:00:00,4.2132528409091,40,650,2,
2017-05-10 05:00:00,4.19167455808081,40,650,2,
2017-05-11 05:00:00,4.16988320707071,40,650,2,
2017-05-12 05:00:00,4.18289457070708,40,650,2,
2017-05-13 05:00:00,4.19690025252526,40,650,2,
2017-05-14 05:00:00,4.45497474747475,40,650,2,
2017-05-15 05:00:00,4.38383838383839,40,650,2,
2017-05-16 05:00:00,4.26227588383838,40,650,2,
2017-05-17 05:00:00,4.21970328282828,40,650,2,
2017-05-18 05:00:00,4.25888257575758,40,650,2,
2017-05-19 05:00:00,4.47716224747475,40,650,2,
2017-05-20 05:00:00,4.55547348484849,40,650,2,
2017-05-21 05:00:00,4.59448705808081,40,650,2,
2017-05-22 05:00:00,4.47280618686868,40,650,2,
2017-05-23 05:00:00,4.36073863636365,40,650,2,
2017-05-24 05:00:00,4.59919191919193,40,650,2,
2017-05-25 05:00:00,4.81830018939394,40,650,2,
2017-05-26 05:00:00,4.74665088383838,40,650,2,
2017-05-27 05:00:00,4.58575915404041,40,650,2,
2017-05-28 05:00:00,4.55407828282828,40,650,2,
2017-05-29 05:00:00,4.50229482323232,40,650,2,
2017-05-30 05:00:00,4.46107954545455,40,650,2,
2017-05-31 05:00:00,4.35942234848484,40,650,2,
2017-06-01 05:00:00,4.3475441919192,40,650,2,
2017-06-02 05:00:00,4.45598169191919,40,650,2,
2017-06-03 05:00:00,4.62429292929293,40,650,2,
2017-06-04 05:00:00,4.67273832070707,40,650,2,
2017-06-05 05:00:00,4.72227272727273,40,650,2,
2017-06-06 05:00:00,4.85,40,650,2,
2017-06-07 05:00:00,5.09,41,650,2,
2017-06-08 05:00:00,5.51,41,650,2,
2017-06-09 05:00:00,6.07,41,650,2,
2017-06-10 05:00:00,6.31,41,650,2,
2017-06-11 05:00:00,6.27,41,650,2,
2017-06-12 05:00:00,6.15,41,650,2,
2017-06-13 05:00:00,6.04,41,650,2,
2017-06-14 05:00:00,5.96,41,650,2,
2017-06-15 05:00:00,5.9,41,650,2,
2017-06-16 05:00:00,5.85,41,650,2,
2017-06-17 05:00:00,5.83,41,650,2,
2017-06-18 05:00:00,5.8,41,650,2,
2017-06-19 05:00:00,5.75,41,650,2,
2017-06-20 05:00:00,5.74,41,650,2,
2017-06-21 05:00:00,5.85,41,650,2,
2017-06-22 05:00:00,6.25,41,650,2,
2017-06-23 05:00:00,6.64,41,650,2,
2017-06-24 05:00:00,6.73,41,650,2,
2017-06-25 05:00:00,6.57,41,650,2,
2017-06-26 05:00:00,6.41,41,650,2,
2017-06-27 05:00:00,6.27,41,650,2,
2017-06-28 05:00:00,6.14,41,650,2,
2017-06-29 05:00:00,6.07,41,650,2,
2017-06-30 05:00:00,6.02,41,650,2,
2017-07-01 05:00:00,5.94,41,650,2,
2017-07-02 05:00:00,5.86,41,650,2,
2017-07-03 05:00:00,5.75,41,650,2,
2017-07-04 05:00:00,5.62,41,650,2,
2017-07-05 05:00:00,5.52,41,650,2,
2017-07-06 05:00:00,5.42,41,650,2,
2017-07-07 05:00:00,5.37,41,650,2,
2017-07-08 05:00:00,5.33,41,650,2,
2017-07-09 05:00:00,5.33,41,650,2,
2017-07-10 05:00:00,5.33,41,650,2,
2017-07-11 05:00:00,5.355,41,650,2,
2017-07-12 05:00:00,5.43,41,650,2,
2017-07-13 05:00:00,5.5,41,650,2,
2017-07-14 05:00:00,5.51,41,650,2,
2017-07-15 05:00:00,5.59,41,650,2,
2017-07-16 05:00:00,5.6,41,650,2,
2017-07-17 05:00:00,5.66,41,650,2,
2017-07-18 05:00:00,5.73,41,650,2,
2017-07-19 05:00:00,5.75,41,650,2,
2017-07-20 05:00:00,5.75,41,650,2,
2017-07-21 05:00:00,5.7,41,650,2,
2017-07-22 05:00:00,5.65,41,650,2,
2017-07-23 05:00:00,5.6,41,650,2,
2017-07-24 05:00:00,5.62,41,650,2,
2017-07-25 05:00:00,5.68,41,650,2,
2017-07-26 05:00:00,5.62,41,650,2,
2017-07-27 05:00:00,5.55,41,650,2,
2017-07-28 05:00:00,5.49,41,650,2,
2017-07-29 05:00:00,5.41,41,650,2,
2017-07-30 05:00:00,5.35,41,650,2,
2017-07-31 05:00:00,5.31,41,650,2,
2017-08-01 05:00:00,5.26,41,650,2,
2017-08-02 05:00:00,5.19,41,650,2,
2017-08-03 05:00:00,5.16,41,650,2,
2017-08-04 05:00:00,5.15,41,650,2,
2017-08-05 05:00:00,5.19,41,650,2,
2017-08-06 05:00:00,5.25,41,650,2,
2017-08-07 05:00:00,5.26,41,650,2,
2017-08-08 05:00:00,5.32,41,650,2,
2017-08-09 05:00:00,5.33,41,650,2,
2017-08-10 05:00:00,5.33,41,650,2,
2017-08-11 05:00:00,5.35,41,650,2,
2017-08-12 05:00:00,5.32,41,650,2,
2017-08-13 05:00:00,5.28,41,650,2,
2017-08-14 05:00:00,5.25,41,650,2,
2017-08-15 05:00:00,5.22,41,650,2,
2017-08-16 05:00:00,5.21,41,650,2,
2017-08-17 05:00:00,5.2,41,650,2,
2017-08-18 05:00:00,5.16,41,650,2,
2017-08-19 05:00:00,5.09,41,650,2,
2017-08-20 05:00:00,5.06,41,650,2,
2017-08-21 05:00:00,5.05,41,650,2,
2017-08-22 05:00:00,5.09,41,650,2,
2017-08-23 05:00:00,5.1,41,650,2,
2017-08-24 05:00:00,5.1,41,650,2,
2017-08-25 05:00:00,5.04,41,650,2,
2017-08-26 05:00:00,5,41,650,2,
2017-08-27 05:00:00,4.94,41,650,2,
2017-08-28 05:00:00,4.86,41,650,2,
2017-08-29 05:00:00,4.84,41,650,2,
2017-08-30 05:00:00,5.02,41,650,2,
2017-08-31 05:00:00,5.15,41,650,2,
2017-09-01 05:00:00,5.15,41,650,2,
2017-09-02 05:00:00,5,41,650,2,
2017-09-03 05:00:00,4.97,41,650,2,
2017-09-04 05:00:00,4.96,41,650,2,
2017-09-05 05:00:00,4.97,41,650,2,
2017-09-06 05:00:00,5,41,650,2,
2017-09-07 05:00:00,5.04,41,650,2,
2017-09-08 05:00:00,5.01,40,650,2,
2017-09-09 05:00:00,5,40,650,2,
2017-09-10 05:00:00,4.83,41,650,2,
2017-09-11 05:00:00,4.62,41,650,2,
2017-09-12 05:00:00,4.465,41,650,2,
2017-09-13 05:00:00,4.935,41,650,2,
2017-09-14 05:00:00,5.13,41,650,2,
2017-09-15 05:00:00,5.34,41,650,2,
2017-09-16 05:00:00,5.41,41,650,2,
2017-09-17 05:00:00,5.42,41,650,2,
2017-09-18 05:00:00,5.15,41,650,2,
2017-09-19 05:00:00,5,41,650,2,
2017-09-20 05:00:00,4.94,41,650,2,
2017-09-21 05:00:00,4.9,41,650,2,
2017-09-22 05:00:00,4.91,41,650,2,
2017-09-23 05:00:00,4.88,41,650,2,
2017-09-24 05:00:00,4.83,41,650,2,
2017-09-25 05:00:00,4.84,41,650,2,
2017-09-26 05:00:00,4.92,41,650,2,
2017-09-27 05:00:00,5,41,650,2,
2017-09-28 05:00:00,5,41,650,2,
2017-09-29 05:00:00,5.01,41,650,2,
2017-09-30 05:00:00,5.02,41,650,2,
2017-10-01 05:00:00,5.075,41,650,2,
2017-10-02 05:00:00,5.03,41,650,2,
2017-10-03 05:00:00,5.1,41,650,2,
2017-10-04 05:00:00,5.14,41,650,2,
2017-10-05 05:00:00,4.92,41,650,2,
2017-10-06 05:00:00,4.78,41,650,2,
2017-10-07 05:00:00,4.83,41,650,2,
2017-10-08 05:00:00,5.25,41,650,2,
2017-10-09 05:00:00,5.62,41,650,2,
2017-10-10 05:00:00,5.51,41,650,2,
2017-10-11 05:00:00,5.42,41,650,2,
2017-10-12 05:00:00,5.38,41,650,2,
2017-10-13 05:00:00,5.37,41,650,2,
2017-10-14 05:00:00,5.36,41,650,2,
2017-10-15 05:00:00,5.37,41,650,2,
2017-10-16 05:00:00,5.44,41,650,2,
2017-10-17 05:00:00,5.47,41,650,2,
2017-10-18 05:00:00,5.37,41,650,2,
2017-10-19 05:00:00,5.34,41,650,2,
2017-10-20 05:00:00,5.33,41,650,2,
2017-10-21 05:00:00,5.27,41,650,2,
2017-10-22 05:00:00,5.31,41,650,2,
2017-10-23 05:00:00,5.39,41,650,2,
2017-10-24 05:00:00,5.58,41,650,2,
2017-10-25 05:00:00,5.48,41,650,2,
2017-10-26 05:00:00,5.33,41,650,2,
2017-10-27 05:00:00,4.97,41,650,2,
2017-10-28 05:00:00,4.77,41,650,2,
2017-10-29 05:00:00,4.97,41,650,2,
2017-10-30 05:00:00,5.05,41,650,2,
2017-10-31 05:00:00,4.8,41,650,2,
2017-11-01 05:00:00,4.84,41,650,2,
2017-11-02 05:00:00,4.9,41,650,2,
2017-11-03 05:00:00,5.02,41,650,2,
2017-11-04 05:00:00,5.07,41,650,2,
2017-11-05 05:00:00,5.07,41,650,2,
2017-11-06 05:00:00,5.1,41,650,2,
2017-11-07 05:00:00,5.155,41,650,2,
2017-11-08 05:00:00,5.18,41,650,2,
2017-11-09 05:00:00,5.22,41,650,2,
2017-11-10 05:00:00,5.23,41,650,2,
2017-11-11 05:00:00,5.22,41,650,2,
2017-11-12 05:00:00,5.21,41,650,2,
2017-11-13 05:00:00,5.23,41,650,2,
2017-11-14 05:00:00,5.26,41,650,2,
2017-11-15 05:00:00,5.27,41,650,2,
2017-11-16 05:00:00,5.28,41,650,2,
2017-11-17 05:00:00,5.32,41,650,2,
2017-11-18 05:00:00,5.35,41,650,2,
2017-11-19 05:00:00,5.4,41,650,2,
2017-11-20 05:00:00,5.4,41,650,2,
2017-11-21 05:00:00,5.34,41,650,2,
2017-11-22 05:00:00,5.39,41,650,2,
2017-11-23 05:00:00,5.41,41,650,2,
2017-11-24 05:00:00,5.37,41,650,2,
2017-11-25 05:00:00,5.3,41,650,2,
2017-11-26 05:00:00,5.3,41,650,2,
2017-11-27 05:00:00,5.27,41,650,2,
2017-11-28 05:00:00,5.23,41,650,2,
2017-11-29 05:00:00,5.22,41,650,2,
2017-11-30 05:00:00,5.21,41,650,2,
2017-12-01 05:00:00,5.21,41,650,2,
2017-12-02 05:00:00,5.24,41,650,2,
2017-12-03 05:00:00,5.25,41,650,2,
2017-12-04 05:00:00,5.26,41,650,2,
2017-12-05 05:00:00,5.27,41,650,2,
2017-12-06 05:00:00,5.3,41,650,2,
2017-12-07 05:00:00,5.29,41,650,2,
2017-12-08 05:00:00,5.22,41,650,2,
2017-12-09 05:00:00,5.25,41,650,2,
2017-12-10 05:00:00,5.23,41,650,2,
2017-12-11 05:00:00,5.11,41,650,2,
2017-12-12 05:00:00,5.14,41,650,2,
2017-12-13 05:00:00,5.19,41,650,2,
2017-12-14 05:00:00,5.16,41,650,2,
2017-12-15 05:00:00,5.22,41,650,2,
2017-12-16 05:00:00,5.26,41,650,2,
2017-12-17 05:00:00,5.21,41,650,2,
2017-12-18 05:00:00,5.23,41,650,2,
2017-12-19 05:00:00,5.24,41,650,2,
2017-12-20 05:00:00,5.21,41,650,2,
2017-12-21 05:00:00,5.22,41,650,2,
2017-12-22 05:00:00,5.2,41,650,2,
2017-12-23 05:00:00,5.18,41,650,2,
2017-12-24 05:00:00,5.19,41,650,2,
2017-12-25 05:00:00,5.18,41,650,2,
2017-12-26 05:00:00,5.08,41,650,2,
2017-12-27 05:00:00,5.07,41,650,2,
2017-12-28 05:00:00,5.08,41,650,2,
2017-12-29 05:00:00,5.075,41,650,2,
2017-12-30 05:00:00,5.06,41,650,2,
2017-12-31 05:00:00,5.07,41,650,2,
2018-01-01 05:00:00,5.09,41,650,2,
2018-01-02 05:00:00,5.02,41,650,2,
2018-01-03 05:00:00,4.95,41,650,2,
2018-01-04 05:00:00,4.96,41,650,2,
2018-01-05 05:00:00,4.96,41,650,2,
2018-01-06 05:00:00,4.98,41,650,2,
2018-01-07 05:00:00,5.01,41,650,2,
2018-01-08 05:00:00,5.03,41,650,2,
2018-01-09 05:00:00,5.12,41,650,2,
2018-01-10 05:00:00,5.15,41,650,2,
2018-01-11 05:00:00,5.12,41,650,2,
2018-01-12 05:00:00,5.09,41,650,2,
2018-01-13 05:00:00,5.1,41,650,2,
2018-01-14 05:00:00,5.01,41,650,2,
2018-01-15 05:00:00,4.96,41,650,2,
2018-01-16 05:00:00,4.94,41,650,2,
2018-01-17 05:00:00,4.95,41,650,2,
2018-01-18 05:00:00,4.93,41,650,2,
2018-01-19 05:00:00,4.9,41,650,2,
2018-01-20 05:00:00,4.93,41,650,2,
2018-01-21 05:00:00,4.97,41,650,2,
2018-01-22 05:00:00,5,41,650,2,
2018-01-23 05:00:00,5.03,41,650,2,
2018-01-24 05:00:00,5.06,41,650,2,
2018-01-25 05:00:00,4.99,41,650,2,
2018-01-26 05:00:00,4.92,41,650,2,
2018-01-27 05:00:00,4.9,41,650,2,
2018-01-28 05:00:00,4.93,41,650,2,
2018-01-29 05:00:00,5,41,650,2,
2018-01-30 05:00:00,5.01,41,650,2,
2018-01-31 05:00:00,4.88,41,650,2,
2018-02-01 05:00:00,4.89,41,650,2,
2018-02-02 05:00:00,4.94,41,650,2,
2018-02-03 05:00:00,4.94,41,650,2,
2018-02-04 05:00:00,4.9,41,650,2,
2018-02-05 05:00:00,5.03,41,650,2,
2018-02-06 05:00:00,5.01,41,650,2,
2018-02-07 05:00:00,4.98,41,650,2,
2018-02-08 05:00:00,4.99,41,650,2,
2018-02-09 05:00:00,4.98,41,650,2,
2018-02-10 05:00:00,4.98,41,650,2,
2018-02-11 05:00:00,5.01,41,650,2,
2018-02-12 05:00:00,5.04,41,650,2,
2018-02-13 05:00:00,5.1,41,650,2,
2018-02-14 05:00:00,5.16,41,650,2,
2018-02-15 05:00:00,5.27,41,650,2,
2018-02-16 05:00:00,5.34,41,650,2,
2018-02-17 05:00:00,5.4,41,650,2,
2018-02-18 05:00:00,5.41,41,650,2,
2018-02-19 05:00:00,5.41,41,650,2,
2018-02-20 05:00:00,5.39,41,650,2,
2018-02-21 05:00:00,5.39,41,650,2,
2018-02-22 05:00:00,5.38,41,650,2,
2018-02-23 05:00:00,5.35,41,650,2,
2018-02-24 05:00:00,5.31,41,650,2,
2018-02-25 05:00:00,5.29,41,650,2,
2018-02-26 05:00:00,5.31,41,650,2,
2018-02-27 05:00:00,5.32,41,650,2,
2018-02-28 05:00:00,5.27,41,650,2,
2018-03-01 05:00:00,5.29,41,650,2,
2018-03-02 05:00:00,5.32,41,650,2,
2018-03-03 05:00:00,5.22,41,650,2,
2018-03-04 05:00:00,5.07,41,650,2,
2018-03-05 05:00:00,4.99,41,650,2,
2018-03-06 05:00:00,5.01,41,650,2,
2018-03-07 05:00:00,5.09,41,650,2,
2018-03-08 05:00:00,5.09,41,650,2,
2018-03-09 05:00:00,4.92,41,650,2,
2018-03-10 05:00:00,4.89,41,650,2,
2018-03-11 05:00:00,5.01,41,650,2,
2018-03-12 05:00:00,5.11,41,650,2,
2018-03-13 05:00:00,5.12,41,650,2,
2018-03-14 05:00:00,5.04,41,650,2,
2018-03-15 05:00:00,5.01,41,650,2,
2018-03-16 05:00:00,5.04,41,650,2,
2018-03-17 05:00:00,5.12,41,650,2,
2018-03-18 05:00:00,5.18,41,650,2,
2018-03-19 05:00:00,5.24,41,650,2,
2018-03-20 05:00:00,5.45,41,650,2,
2018-03-21 05:00:00,5.87,41,650,2,
2018-03-22 05:00:00,6.04,41,650,2,
2018-03-23 05:00:00,5.96,41,650,2,
2018-03-24 05:00:00,5.67,41,650,2,
2018-03-25 05:00:00,5.53,41,650,2,
2018-03-26 05:00:00,5.46,41,650,2,
2018-03-27 05:00:00,5.31,41,650,2,
2018-03-28 05:00:00,5.19,41,650,2,
2018-03-29 05:00:00,5.23,41,650,2,
2018-03-30 05:00:00,5.3,41,650,2,
2018-03-31 05:00:00,5.21,41,650,2,
2018-04-01 05:00:00,4.94,41,650,2,
2018-04-02 05:00:00,4.94,41,650,2,
2018-04-03 05:00:00,4.87,41,650,2,
2018-04-04 05:00:00,4.81,41,650,2,
2018-04-05 05:00:00,4.76,41,650,2,
2018-04-06 05:00:00,4.6,41,650,2,
2018-04-07 05:00:00,4.52,41,650,2,
2018-04-08 05:00:00,4.65,41,650,2,
2018-04-09 05:00:00,4.68,41,650,2,
2018-04-10 05:00:00,4.74,41,650,2,
2018-04-11 05:00:00,4.97,41,650,2,
2018-04-12 05:00:00,4.96,41,650,2,
2018-04-13 05:00:00,4.87,41,650,2,
2018-04-14 05:00:00,4.72,41,650,2,
2018-04-15 05:00:00,4.83,41,650,2,
2018-04-16 05:00:00,4.93,41,650,2,
2018-04-17 05:00:00,4.54,41,650,2,
2018-04-18 05:00:00,4.46,41,650,2,
2018-04-19 05:00:00,4.49,41,650,2,
2018-04-20 05:00:00,4.5,41,650,2,
2018-04-21 05:00:00,4.44,41,650,2,
2018-04-22 05:00:00,4.37,41,650,2,
2018-04-23 05:00:00,4.38,41,650,2,
2018-04-24 05:00:00,4.41,41,650,2,
2018-04-25 05:00:00,4.28,41,650,2,
2018-04-26 05:00:00,4.2,41,650,2,
2018-04-27 05:00:00,4.24,41,650,2,
2018-04-28 05:00:00,4.38,41,650,2,
2018-04-29 05:00:00,4.22,41,650,2,
2018-04-30 05:00:00,4.135,41,650,2,
2018-05-01 05:00:00,4.09,41,650,2,
2018-05-02 05:00:00,4.25,41,650,2,
2018-05-03 05:00:00,4.25,41,650,2,
2018-05-04 05:00:00,4.15,41,650,2,
2018-05-05 05:00:00,4.12,41,650,2,
2018-05-06 05:00:00,4.08,41,650,2,
2018-05-07 05:00:00,4.01,41,650,2,
2018-05-08 05:00:00,3.95,41,650,2,
2018-05-09 05:00:00,3.94,41,650,2,
2018-05-10 05:00:00,3.93,41,650,2,
2018-05-11 05:00:00,3.96,41,650,2,
2018-05-12 05:00:00,4.12,41,650,2,
2018-05-13 05:00:00,4.2,41,650,2,
2018-05-14 05:00:00,4.29,41,650,2,
2018-05-15 05:00:00,4.3,41,650,2,
2018-05-16 05:00:00,4.66,41,650,2,
2018-05-17 05:00:00,4.89,41,650,2,
2018-05-18 05:00:00,5.005,41,650,2,
2018-05-19 05:00:00,5.11,41,650,2,
2018-05-20 05:00:00,5.13333333333333,41,650,2,
2018-05-21 05:00:00,5.16,41,650,2,
2018-05-22 05:00:00,5.31,41,650,2,
2018-05-23 05:00:00,5.36,41,650,2,
2018-05-24 05:00:00,5.35,41,650,2,
2018-05-25 05:00:00,5.34,41,650,2,
2018-05-26 05:00:00,5.33,41,650,2,
2018-05-27 05:00:00,5.37,41,650,2,
2018-05-28 05:00:00,5.45,41,650,2,
2018-05-29 05:00:00,5.79,41,650,2,
2018-05-30 05:00:00,6.05,41,650,2,
2018-05-31 05:00:00,6.12,41,650,2,
2018-06-01 05:00:00,6.18,41,650,2,
2018-06-02 05:00:00,5.98,41,650,2,
2018-06-03 05:00:00,5.79,41,650,2,
2018-06-04 05:00:00,5.65,41,650,2,
2018-06-05 05:00:00,5.5,41,650,2,
2018-06-06 05:00:00,5.34,41,650,2,
2018-06-07 05:00:00,5.22,41,650,2,
2018-06-08 05:00:00,5.12,41,650,2,
2018-06-09 05:00:00,5.04,41,650,2,
2018-06-10 05:00:00,4.99,41,650,2,
2018-06-11 05:00:00,4.96,41,650,2,
2018-06-12 05:00:00,4.98,41,650,2,
2018-06-13 05:00:00,5.01,41,650,2,
2018-06-14 05:00:00,5.04,41,650,2,
2018-06-15 05:00:00,5.05,41,650,2,
2018-06-16 05:00:00,5.08,41,650,2,
2018-06-17 05:00:00,5.13,41,650,2,
2018-06-18 05:00:00,5.16,41,650,2,
2018-06-19 05:00:00,5.07,41,650,2,
2018-06-20 05:00:00,4.96,41,650,2,
2018-06-21 05:00:00,4.87,41,650,2,
2018-06-22 05:00:00,4.8,41,650,2,
2018-06-23 05:00:00,4.75,41,650,2,
2018-06-24 05:00:00,4.71,41,650,2,
2018-06-25 05:00:00,4.69,41,650,2,
2018-06-26 05:00:00,4.7,41,650,2,
2018-06-27 05:00:00,4.7,41,650,2,
2018-06-28 05:00:00,4.67,41,650,2,
2018-06-29 05:00:00,4.82,41,650,2,
2018-06-30 05:00:00,4.91,41,650,2,
2018-07-01 05:00:00,4.98,41,650,2,
2018-07-02 05:00:00,4.93,41,650,2,
2018-07-03 05:00:00,4.8,41,650,2,
2018-07-04 05:00:00,4.705,41,650,2,
2018-07-05 05:00:00,4.67,41,650,2,
2018-07-06 05:00:00,4.69,41,650,2,
2018-07-07 05:00:00,4.74,41,650,2,
2018-07-08 05:00:00,4.68,41,650,2,
2018-07-09 05:00:00,4.59,41,650,2,
2018-07-10 05:00:00,4.58,41,650,2,
2018-07-11 05:00:00,4.61,41,650,2,
2018-07-12 05:00:00,4.63,41,650,2,
2018-07-13 05:00:00,4.64,41,650,2,
2018-07-14 05:00:00,4.65,41,650,2,
2018-07-15 05:00:00,4.58,41,650,2,
2018-07-16 05:00:00,4.595,41,650,2,
2018-07-17 05:00:00,4.76,41,650,2,
2018-07-18 05:00:00,4.8,41,650,2,
2018-07-19 05:00:00,4.64,41,650,2,
2018-07-20 05:00:00,4.7,41,650,2,
2018-07-21 05:00:00,4.73,41,650,2,
2018-07-22 05:00:00,4.7,41,650,2,
2018-07-23 05:00:00,4.7,41,650,2,
2018-07-24 05:00:00,4.8,41,650,2,
2018-07-25 05:00:00,4.81,41,650,2,
2018-07-26 05:00:00,4.86,41,650,2,
2018-07-27 05:00:00,4.89,41,650,2,
2018-07-28 05:00:00,4.89,41,650,2,
2018-07-29 05:00:00,4.81,41,650,2,
2018-07-30 05:00:00,4.81,41,650,2,
2018-07-31 05:00:00,4.84,41,650,2,
2018-08-01 05:00:00,4.91,41,650,2,
2018-08-02 05:00:00,5.19,41,650,2,
2018-08-03 05:00:00,5.65,41,650,2,
2018-08-04 05:00:00,6.67,41,650,2,
2018-08-05 05:00:00,7.34,41,650,2,
2018-08-06 05:00:00,7.46,41,650,2,
2018-08-07 05:00:00,7.25,41,650,2,
2018-08-08 05:00:00,7.06,41,650,2,
2018-08-09 05:00:00,6.89,41,650,2,
2018-08-10 05:00:00,6.74,41,650,2,
2018-08-11 05:00:00,6.56,41,650,2,
2018-08-12 05:00:00,6.35,41,650,2,
2018-08-13 05:00:00,6.18,41,650,2,
2018-08-14 05:00:00,6.06,41,650,2,
2018-08-15 05:00:00,5.94,41,650,2,
2018-08-16 05:00:00,5.84,41,650,2,
2018-08-17 05:00:00,5.79,41,650,2,
2018-08-18 05:00:00,5.74,41,650,2,
2018-08-19 05:00:00,5.68,41,650,2,
2018-08-20 05:00:00,5.62,41,650,2,
2018-08-21 05:00:00,5.57,41,650,2,
2018-08-22 05:00:00,5.51,41,650,2,
2018-08-23 05:00:00,5.49,41,650,2,
2018-08-24 05:00:00,5.43,41,650,2,
2018-08-25 05:00:00,5.38,41,650,2,
2018-08-26 05:00:00,5.38,41,650,2,
2018-08-27 05:00:00,5.35,41,650,2,
2018-08-28 05:00:00,5.35,41,650,2,
2018-08-29 05:00:00,5.3,41,650,2,
2018-08-30 05:00:00,5.34,41,650,2,
2018-08-31 05:00:00,5.34,41,650,2,
2018-09-01 05:00:00,5.33,41,650,2,
2018-09-02 05:00:00,5.3,41,650,2,
2018-09-03 05:00:00,5.28,41,650,2,
2018-09-04 05:00:00,5.3,41,650,2,
2018-09-05 05:00:00,5.43,41,650,2,
2018-09-06 05:00:00,5.45,41,650,2,
2018-09-07 05:00:00,5.44,41,650,2,
2018-09-08 05:00:00,5.42,41,650,2,
2018-09-09 05:00:00,5.43,41,650,2,
2018-09-10 05:00:00,5.45,41,650,2,
2018-09-11 05:00:00,5.44,41,650,2,
2018-09-12 05:00:00,5.4,41,650,2,
2018-09-13 05:00:00,5.35,41,650,2,
2018-09-14 05:00:00,5.31,41,650,2,
2018-09-15 05:00:00,5.24,41,650,2,
2018-09-16 05:00:00,5.16,41,650,2,
2018-09-17 05:00:00,5.11,41,650,2,
2018-09-18 05:00:00,5.1,41,650,2,
2018-09-19 05:00:00,5.06,41,650,2,
2018-09-20 05:00:00,5.03,41,650,2,
2018-09-21 05:00:00,5.04,41,650,2,
2018-09-22 05:00:00,5.06,41,650,2,
2018-09-23 05:00:00,5.09,41,650,2,
2018-09-24 05:00:00,5.07,41,650,2,
2018-09-25 05:00:00,5.09,41,650,2,
2018-09-26 05:00:00,5.03,41,650,2,
2018-09-27 05:00:00,5.01,41,650,2,
2018-09-28 05:00:00,4.98,41,650,2,
2018-09-29 05:00:00,4.9,41,650,2,
2018-09-30 05:00:00,4.82,41,650,2,
2018-10-01 05:00:00,4.76,41,650,2,
2018-10-02 05:00:00,4.71,41,650,2,
2018-10-03 05:00:00,4.69,41,650,2,
2018-10-04 05:00:00,4.71,41,650,2,
2018-10-05 05:00:00,4.74,41,650,2,
2018-10-06 05:00:00,4.77,41,650,2,
2018-10-07 05:00:00,4.83,41,650,2,
2018-10-08 05:00:00,4.87,41,650,2,
2018-10-09 05:00:00,4.88,41,650,2,
2018-10-10 05:00:00,5.01,41,650,2,
2018-10-11 05:00:00,5.89,41,650,2,
2018-10-12 05:00:00,6.08,41,650,2,
2018-10-13 05:00:00,5.66,41,650,2,
2018-10-14 05:00:00,5.46,41,650,2,
2018-10-15 05:00:00,5.25,41,650,2,
2018-10-16 05:00:00,5.08,41,650,2,
2018-10-17 05:00:00,5,41,650,2,
2018-10-18 05:00:00,4.93,41,650,2,
2018-10-19 05:00:00,4.83,41,650,2,
2018-10-20 05:00:00,4.78,41,650,2,
2018-10-21 05:00:00,4.91,41,650,2,
2018-10-22 05:00:00,4.78,41,650,2,
2018-10-23 05:00:00,4.75,41,650,2,
2018-10-24 05:00:00,4.83,41,650,2,
2018-10-25 05:00:00,4.88,41,650,2,
2018-10-26 05:00:00,4.86,41,650,2,
2018-10-27 05:00:00,5.04,41,650,2,
2018-10-28 05:00:00,4.87,41,650,2,
2018-10-29 05:00:00,4.53,41,650,2,
2018-10-30 05:00:00,4.47,41,650,2,
2018-10-31 05:00:00,4.47,41,650,2,
2018-11-01 05:00:00,4.67,41,650,2,
2018-11-02 05:00:00,4.93,41,650,2,
2018-11-03 05:00:00,5,41,650,2,
2018-11-04 05:00:00,4.74,41,650,2,
2018-11-05 05:00:00,4.54,41,650,2,
2018-11-06 05:00:00,4.67,41,650,2,
2018-11-07 05:00:00,4.83,41,650,2,
2018-11-08 05:00:00,4.86,41,650,2,
2018-11-09 05:00:00,4.79,41,650,2,
2018-11-10 05:00:00,4.79,41,650,2,
2018-11-11 05:00:00,4.72,41,650,2,
2018-11-12 05:00:00,4.66,41,650,2,
2018-11-13 05:00:00,4.7,41,650,2,
2018-11-14 05:00:00,5.04,41,650,2,
2018-11-15 05:00:00,5,41,650,2,
2018-11-16 05:00:00,4.77,41,650,2,
2018-11-17 05:00:00,4.65,41,650,2,
2018-11-18 05:00:00,4.72,41,650,2,
2018-11-19 05:00:00,4.78,41,650,2,
2018-11-20 05:00:00,5.02,41,650,2,
2018-11-21 05:00:00,5.21,41,650,2,
2018-11-22 05:00:00,5.22,41,650,2,
2018-11-23 05:00:00,5.17,41,650,2,
2018-11-24 05:00:00,5.13,41,650,2,
2018-11-25 05:00:00,5.28,41,650,2,
2018-11-26 05:00:00,5.37,41,650,2,
2018-11-27 05:00:00,5.45,41,650,2,
2018-11-28 05:00:00,5.3,41,650,2,
2018-11-29 05:00:00,4.77,41,650,2,
2018-11-30 05:00:00,4.69,41,650,2,
2018-12-01 05:00:00,4.89,41,650,2,
2018-12-02 05:00:00,5.37,41,650,2,
2018-12-03 05:00:00,5.66,41,650,2,
2018-12-04 05:00:00,6.08,41,650,2,
2018-12-05 05:00:00,6.59,41,650,2,
2018-12-06 05:00:00,6.96,41,650,2,
2018-12-07 05:00:00,6.83,41,650,2,
2018-12-08 05:00:00,6.55,41,650,2,
2018-12-09 05:00:00,6.4,41,650,2,
2018-12-10 05:00:00,6.375,41,650,2,
2018-12-11 05:00:00,6.11,41,650,2,
2018-12-12 05:00:00,5.94,41,650,2,
2018-12-13 05:00:00,5.86,41,650,2,
2018-12-14 05:00:00,5.81,41,650,2,
2018-12-15 05:00:00,6.11,41,650,2,
2018-12-16 05:00:00,6.38,41,650,2,
2018-12-17 05:00:00,6.63,41,650,2,
2018-12-18 05:00:00,6.68,41,650,2,
2018-12-19 05:00:00,6.62,41,650,2,
2018-12-20 05:00:00,6.54,41,650,2,
2018-12-21 05:00:00,6.61,41,650,2,
2018-12-22 05:00:00,6.54,41,650,2,
2018-12-23 05:00:00,6.21,41,650,2,
2018-12-24 05:00:00,6.12,41,650,2,
2018-12-25 05:00:00,6,41,650,2,
2018-12-26 05:00:00,5.89,41,650,2,
2018-12-27 05:00:00,5.77,41,650,2,
2018-12-28 05:00:00,5.73,41,650,2,
2018-12-29 05:00:00,5.71,41,650,2,
2018-12-30 05:00:00,5.84,41,650,2,
2018-12-31 05:00:00,5.93,41,650,2,
2019-01-01 05:00:00,5.99,41,650,2,
2019-01-02 05:00:00,5.99,41,650,2,
2019-01-03 05:00:00,5.92,41,650,2,
2019-01-04 05:00:00,5.88,41,650,2,
2019-01-05 05:00:00,5.9,41,650,2,
2019-01-06 05:00:00,5.82,41,650,2,
2019-01-07 05:00:00,5.81,41,650,2,
2019-01-08 05:00:00,5.81,41,650,2,
2019-01-09 05:00:00,5.77,41,650,2,
2019-01-10 05:00:00,5.62,41,650,2,
2019-01-11 05:00:00,5.47,41,650,2,
2019-01-12 05:00:00,5.44,41,650,2,
2019-01-13 05:00:00,5.42,41,650,2,
2019-01-14 05:00:00,5.4,41,650,2,
2019-01-15 05:00:00,5.27,10,650,2,
2019-01-16 05:00:00,5.15,10,650,2,
2019-01-17 05:00:00,5.11,10,650,2,
2019-01-18 05:00:00,5.1,10,650,2,
2019-01-19 05:00:00,5.08,10,650,2,
2019-01-20 05:00:00,5.25,10,650,2,
2019-01-21 05:00:00,5.2,10,650,2,
2019-01-22 05:00:00,4.9,10,650,2,
2019-01-23 05:00:00,4.94,10,650,2,
2019-01-24 05:00:00,5.12,10,650,2,
2019-01-25 05:00:00,5.375,10,650,2,
2019-01-26 05:00:00,5.03,10,650,2,
2019-01-27 05:00:00,4.95,10,650,2,
2019-01-28 05:00:00,4.9,10,650,2,
2019-01-29 05:00:00,4.83,10,650,2,
2019-01-30 05:00:00,4.875,10,650,2,
2019-01-31 05:00:00,4.77,10,650,2,
2019-02-01 05:00:00,4.75,10,650,2,
2019-02-02 05:00:00,4.79,10,650,2,
2019-02-03 05:00:00,4.88,10,650,2,
2019-02-04 05:00:00,5.04,10,650,2,
2019-02-05 05:00:00,5.01,10,650,2,
2019-02-06 05:00:00,4.86,10,650,2,
2019-02-07 05:00:00,4.79,10,650,2,
2019-02-08 05:00:00,4.74,10,650,2,
2019-02-09 05:00:00,4.65,41,650,2,
2019-02-10 05:00:00,4.5,41,650,2,
2019-02-11 05:00:00,4.445,41,650,2,
2019-02-12 05:00:00,4.64,41,650,2,
2019-02-13 05:00:00,4.87,41,650,2,
2019-02-14 05:00:00,4.55,41,650,2,
2019-02-15 05:00:00,4.435,41,650,2,
2019-02-16 05:00:00,4.51,41,650,2,
2019-02-17 05:00:00,4.65,41,650,2,
2019-02-18 05:00:00,4.7,41,650,2,
2019-02-19 05:00:00,4.61,41,650,2,
2019-02-20 05:00:00,4.47,41,650,2,
2019-02-21 05:00:00,4.47,41,650,2,
2019-02-22 05:00:00,4.535,41,650,2,
2019-02-23 05:00:00,4.46,41,650,2,
2019-02-24 05:00:00,4.41,41,650,2,
2019-02-25 05:00:00,4.33,41,650,2,
2019-02-26 05:00:00,4.17,41,650,2,
2019-02-27 05:00:00,4.225,41,650,2,
2019-02-28 05:00:00,4.3,41,650,2,
2019-03-01 05:00:00,4.32,41,650,2,
2019-03-02 05:00:00,4.3,41,650,2,
2019-03-03 05:00:00,4.35,41,650,2,
2019-03-04 05:00:00,4.42,41,650,2,
2019-03-05 05:00:00,4.54,41,650,2,
2019-03-06 05:00:00,4.49,41,650,2,
2019-03-07 05:00:00,4.45,41,650,2,
2019-03-08 05:00:00,4.55,41,650,2,
2019-03-09 05:00:00,4.75,41,650,2,
2019-03-10 05:00:00,4.81,41,650,2,
2019-03-11 05:00:00,4.8,41,650,2,
2019-03-12 05:00:00,4.675,41,650,2,
2019-03-13 05:00:00,4.59,41,650,2,
2019-03-14 05:00:00,4.57,41,650,2,
2019-03-15 05:00:00,4.6,41,650,2,
2019-03-16 05:00:00,4.6,41,650,2,
2019-03-17 05:00:00,4.43,41,650,2,
2019-03-18 05:00:00,4.36,41,650,2,
2019-03-19 05:00:00,4.33,41,650,2,
2019-03-20 05:00:00,4.25,41,650,2,
2019-03-21 05:00:00,4.3,41,650,2,
2019-03-22 05:00:00,4.39,41,650,2,
2019-03-23 05:00:00,4.31,41,650,2,
2019-03-24 05:00:00,4.4,41,650,2,
2019-03-25 05:00:00,4.56,41,650,2,
2019-03-26 05:00:00,4.66,41,650,2,
2019-03-27 05:00:00,4.69,41,650,2,
2019-03-28 05:00:00,4.35,41,650,2,
2019-03-29 05:00:00,4.15,41,650,2,
2019-03-30 05:00:00,4.23,41,650,2,
2019-03-31 05:00:00,4.62,41,650,2,
2019-04-01 05:00:00,4.66,41,650,2,
2019-04-02 05:00:00,4.45,41,650,2,
2019-04-03 05:00:00,4.53,41,650,2,
2019-04-04 05:00:00,4.635,41,650,2,
2019-04-05 05:00:00,4.69,41,650,2,
2019-04-06 05:00:00,4.82,41,650,2,
2019-04-07 05:00:00,4.915,41,650,2,
2019-04-08 05:00:00,4.9,41,650,2,
2019-04-09 05:00:00,4.93,41,650,2,
2019-04-10 05:00:00,4.98,41,650,2,
2019-04-11 05:00:00,4.89,41,650,2,
2019-04-12 05:00:00,4.63,41,650,2,
2019-04-13 05:00:00,4.43,41,650,2,
2019-04-14 05:00:00,4.42,41,650,2,
2019-04-15 05:00:00,4.54,41,650,2,
2019-04-16 05:00:00,4.17,41,650,2,
2019-04-17 05:00:00,4.04,41,650,2,
2019-04-18 05:00:00,4.11,41,650,2,
2019-04-19 05:00:00,4.265,41,650,2,
2019-04-20 05:00:00,4.63,41,650,2,
2019-04-21 05:00:00,4.18,41,650,2,
2019-04-22 05:00:00,4.02,41,650,2,
2019-04-23 05:00:00,3.98,41,650,2,
2019-04-24 05:00:00,3.93,41,650,2,
2019-04-25 05:00:00,3.95,41,650,2,
2019-04-26 05:00:00,4.17,41,650,2,
2019-04-27 05:00:00,4.41,41,650,2,
2019-04-28 05:00:00,4.15,41,650,2,
2019-04-29 05:00:00,4.01,41,650,2,
2019-04-30 05:00:00,4.04,41,650,2,
2019-05-01 05:00:00,4.27,41,650,2,
2019-05-02 05:00:00,4.325,41,650,2,
2019-05-03 05:00:00,4.205,41,650,2,
2019-05-04 05:00:00,4.22,41,650,2,
2019-05-05 05:00:00,4.37,41,650,2,
2019-05-06 05:00:00,4.43,41,650,2,
2019-05-07 05:00:00,4.37,41,650,2,
2019-05-08 05:00:00,4.23,41,650,2,
2019-05-09 05:00:00,4.29,41,650,2,
2019-05-09 05:00:01,,-3,650,2,
2019-07-11 04:59:59,,-3,650,2,
2019-07-11 05:00:00,4.8787695261275,31,650,2,
2019-07-12 05:00:00,4.91837858704329,31,650,2,
2019-07-13 05:00:00,4.85707710629459,31,650,2,
2019-07-14 05:00:00,4.88637935425822,31,650,2,
2019-07-15 05:00:00,4.8154094294417,31,650,2,
2019-07-16 05:00:00,4.78457806531325,31,650,2,
2019-07-17 05:00:00,4.70828153316056,31,650,2,
2019-07-18 05:00:00,4.64248975780013,31,650,2,
2019-07-19 05:00:00,4.62152478157961,31,650,2,
2019-07-20 05:00:00,4.57068846885517,31,650,2,
2019-07-21 05:00:00,4.54975318421066,31,650,2,
2019-07-22 05:00:00,4.51845665205797,31,650,2,
2019-07-23 05:00:00,4.50766982529355,31,650,2,
2019-07-24 05:00:00,4.46016354683843,31,650,2,
2019-07-25 05:00:00,4.42522027027224,31,650,2,
2019-07-26 05:00:00,4.48437900895178,31,650,2,
2019-07-27 05:00:00,4.44400291565559,31,650,2,
2019-07-28 05:00:00,4.34308247679909,31,650,2,
2019-07-29 05:00:00,4.28230059863067,31,650,2,
2019-07-30 05:00:00,4.25120695891408,31,650,2,
2019-07-31 05:00:00,4.27495496412542,31,650,2,
2019-08-01 05:00:00,4.26909390842095,31,650,2,
2019-08-02 05:00:00,4.28299037151236,31,650,2,
2019-08-03 05:00:00,4.35728272228398,31,650,2,
2019-08-04 05:00:00,4.46607031626333,31,650,2,
2019-08-05 05:00:00,4.46535771843895,31,650,2,
2019-08-06 05:00:00,4.38394736857819,31,650,2,
2019-08-07 05:00:00,4.35303682691371,31,650,2,
2019-08-08 05:00:00,4.31270032238553,31,650,2,
2019-08-09 05:00:00,4.19182936948906,31,650,2,
2019-08-10 05:00:00,4.12062191206441,31,650,2,
2019-08-11 05:00:00,4.05992910862404,31,650,2,
2019-08-12 05:00:00,4.10312287108307,31,650,2,
2019-08-13 05:00:00,4.12715294626655,31,650,2,
2019-08-14 05:00:00,4.23664324087828,31,650,2,
2019-08-15 05:00:00,4.34602961497395,31,650,2,
2019-08-16 05:00:00,4.4450003070054,31,650,2,
2019-08-17 05:00:00,4.52410461112892,31,650,2,
2019-08-18 05:00:00,4.79306045737236,31,650,2,
2019-08-19 05:00:00,4.93217960728389,31,650,2,
2019-08-20 05:00:00,4.95105132739528,31,650,2,
2019-08-21 05:00:00,5.03981912699062,31,650,2,
2019-08-22 05:00:00,5.07882445919409,31,650,2,
2019-08-23 05:00:00,5.03845826308989,31,650,2,
2019-08-24 05:00:00,4.92744874950535,31,650,2,
2019-08-25 05:00:00,4.80618190892867,31,650,2,
2019-08-26 05:00:00,4.84540497935626,31,650,2,
2019-08-27 05:00:00,4.93443010594374,31,650,2,
2019-08-28 05:00:00,5.01297521871895,31,650,2,
2019-08-29 05:00:00,5.08276242909084,31,650,2,
2019-08-30 05:00:00,5.07162425201023,31,650,2,
2019-08-31 05:00:00,5.00092155137785,31,650,2,
2019-09-01 05:00:00,4.93965471080118,31,650,2,
2019-09-02 05:00:00,4.84902623910884,31,650,2,
2019-09-03 05:00:00,4.70735361365993,31,650,2,
2019-09-04 05:00:00,4.57638368884343,31,650,2,
2019-09-05 05:00:00,4.44574037136307,31,650,2,
2019-09-06 05:00:00,4.37516633422677,31,650,2,
2019-09-07 05:00:00,4.31416671783424,31,650,2,
2019-09-08 05:00:00,4.30328586774576,31,650,2,
2019-09-09 05:00:00,4.47155385914483,31,650,2,
2019-09-10 05:00:00,4.59120250882864,31,650,2,
2019-09-11 05:00:00,4.65030186435616,31,650,2,
2019-09-12 05:00:00,4.7,41,650,2,
2019-09-13 05:00:00,4.49,41,650,2,
2019-09-14 05:00:00,4.35,41,650,2,
2019-09-15 05:00:00,4.24,41,650,2,
2019-09-16 05:00:00,4.14,41,650,2,
2019-09-17 05:00:00,4.38,41,650,2,
2019-09-18 05:00:00,4.33,41,650,2,
2019-09-19 05:00:00,4.16,41,650,2,
2019-09-20 05:00:00,4.08,41,650,2,
2019-09-21 05:00:00,4,41,650,2,
2019-09-22 05:00:00,4.19,41,650,2,
2019-09-23 05:00:00,4.36,41,650,2,
2019-09-24 05:00:00,4.44,41,650,2,
2019-09-25 05:00:00,4.5,41,650,2,
2019-09-26 05:00:00,4.58,41,650,2,
2019-09-27 05:00:00,4.63,41,650,2,
2019-09-28 05:00:00,4.73,41,650,2,
2019-09-29 05:00:00,4.85,41,650,2,
2019-09-30 05:00:00,4.9,41,650,2,
2019-10-01 05:00:00,4.905,41,650,2,
2019-10-02 05:00:00,4.925,41,650,2,
2019-10-03 05:00:00,4.94,41,650,2,
2019-10-04 05:00:00,4.96,41,650,2,
2019-10-05 05:00:00,4.96,41,650,2,
2019-10-06 05:00:00,4.93,41,650,2,
2019-10-07 05:00:00,4.93,41,650,2,
2019-10-08 05:00:00,4.92,41,650,2,
2019-10-09 05:00:00,4.9,41,650,2,
2019-10-10 05:00:00,4.91,41,650,2,
2019-10-11 05:00:00,4.86,41,650,2,
2019-10-12 05:00:00,4.865,41,650,2,
2019-10-13 05:00:00,4.89,41,650,2,
2019-10-14 05:00:00,4.91,41,650,2,
2019-10-15 05:00:00,4.93,41,650,2,
2019-10-16 05:00:00,4.99,41,650,2,
2019-10-17 05:00:00,5.01,41,650,2,
2019-10-18 05:00:00,4.87,41,650,2,
2019-10-19 05:00:00,4.88,41,650,2,
2019-10-20 05:00:00,5.25,41,650,2,
2019-10-21 05:00:00,5.02,41,650,2,
2019-10-22 05:00:00,4.9,41,650,2,
2019-10-23 05:00:00,4.86,41,650,2,
2019-10-24 05:00:00,4.77,41,650,2,
2019-10-25 05:00:00,4.75,41,650,2,
2019-10-26 05:00:00,4.77,41,650,2,
2019-10-27 05:00:00,4.83,41,650,2,
2019-10-28 05:00:00,4.84,41,650,2,
2019-10-29 05:00:00,4.8,41,650,2,
2019-10-30 05:00:00,4.8,41,650,2,
2019-10-31 05:00:00,4.82,41,650,2,
2019-11-01 05:00:00,4.81,41,650,2,
2019-11-02 05:00:00,4.7,41,650,2,
2019-11-03 05:00:00,4.69,41,650,2,
2019-11-04 05:00:00,4.66,41,650,2,
2019-11-05 05:00:00,4.67,41,650,2,
2019-11-06 05:00:00,4.69,41,650,2,
2019-11-07 05:00:00,4.68,41,650,2,
2019-11-08 05:00:00,4.69,41,650,2,
2019-11-09 05:00:00,4.71,41,650,2,
2019-11-10 05:00:00,4.68,41,650,2,
2019-11-11 05:00:00,4.69,41,650,2,
2019-11-12 05:00:00,4.75,41,650,2,
2019-11-13 05:00:00,4.79,41,650,2,
2019-11-14 05:00:00,4.7,41,650,2,
2019-11-15 05:00:00,4.74,41,650,2,
2019-11-16 05:00:00,4.75,41,650,2,
2019-11-17 05:00:00,4.65,41,650,2,
2019-11-18 05:00:00,4.65,41,650,2,
2019-11-19 05:00:00,4.7,41,650,2,
2019-11-20 05:00:00,4.73,41,650,2,
2019-11-21 05:00:00,4.72,41,650,2,
2019-11-22 05:00:00,4.7,41,650,2,
2019-11-23 05:00:00,4.77,41,650,2,
2019-11-24 05:00:00,4.86,41,650,2,
2019-11-25 05:00:00,4.79,41,650,2,
2019-11-26 05:00:00,4.74,41,650,2,
2019-11-27 05:00:00,4.76,41,650,2,
2019-11-28 05:00:00,4.76,41,650,2,
2019-11-29 05:00:00,4.66,41,650,2,
2019-11-30 05:00:00,4.58,41,650,2,
2019-12-01 05:00:00,4.6,41,650,2,
2019-12-02 05:00:00,4.67,41,650,2,
2019-12-03 05:00:00,4.57,41,650,2,
2019-12-04 05:00:00,4.52,41,650,2,
2019-12-05 05:00:00,4.5,41,650,2,
2019-12-06 05:00:00,4.49,41,650,2,
2019-12-07 05:00:00,4.5,41,650,2,
2019-12-08 05:00:00,4.52,41,650,2,
2019-12-09 05:00:00,4.54,41,650,2,
2019-12-10 05:00:00,4.59,41,650,2,
2019-12-11 05:00:00,4.63,41,650,2,
2019-12-12 05:00:00,4.52,41,650,2,
2019-12-13 05:00:00,4.5,41,650,2,
2019-12-14 05:00:00,4.53,41,650,2,
2019-12-15 05:00:00,4.59,41,650,2,
2019-12-16 05:00:00,4.55,41,650,2,
2019-12-17 05:00:00,4.555,41,650,2,
2019-12-18 05:00:00,4.58,41,650,2,
2019-12-19 05:00:00,4.46,41,650,2,
2019-12-20 05:00:00,4.39,41,650,2,
2019-12-21 05:00:00,4.39,41,650,2,
2019-12-22 05:00:00,4.42,41,650,2,
2019-12-23 05:00:00,4.54,41,650,2,
2019-12-24 05:00:00,4.66,41,650,2,
2019-12-25 05:00:00,4.55,41,650,2,
2019-12-26 05:00:00,4.51,41,650,2,
2019-12-27 05:00:00,4.51,41,650,2,
2019-12-28 05:00:00,4.54,41,650,2,
2019-12-29 05:00:00,4.58,41,650,2,
2019-12-30 05:00:00,4.62,41,650,2,
2019-12-31 05:00:00,4.63,41,650,2,
2020-01-01 05:00:00,4.51,41,650,2,
2020-01-02 05:00:00,4.48,41,650,2,
2020-01-03 05:00:00,4.51,41,650,2,
2020-01-04 05:00:00,4.62,41,650,2,
2020-01-05 05:00:00,4.64,41,650,2,
2020-01-06 05:00:00,4.43,41,650,2,
2020-01-07 05:00:00,4.43,41,650,2,
2020-01-08 05:00:00,4.44,41,650,2,
2020-01-09 05:00:00,4.4,41,650,2,
2020-01-10 05:00:00,4.43,41,650,2,
2020-01-11 05:00:00,4.51,41,650,2,
2020-01-12 05:00:00,4.64,41,650,2,
2020-01-13 05:00:00,4.67,41,650,2,
2020-01-14 05:00:00,4.63,41,650,2,
2020-01-15 05:00:00,4.6,41,650,2,
2020-01-16 05:00:00,4.58,51,650,2,
2020-01-17 05:00:00,4.56,51,650,2,
2020-01-18 05:00:00,4.505,51,650,2,
2020-01-19 05:00:00,4.53,51,650,2,
2020-01-20 05:00:00,4.57,51,650,2,
2020-01-21 05:00:00,4.44,51,650,2,
2020-01-22 05:00:00,4.38,51,650,2,
2020-01-23 05:00:00,4.36,51,650,2,
2020-01-24 05:00:00,4.4,51,650,2,
2020-01-25 05:00:00,4.54,51,650,2,
2020-01-26 05:00:00,4.53,51,650,2,
2020-01-27 05:00:00,4.52,51,650,2,
2020-01-28 05:00:00,4.57,51,650,2,
2020-01-29 05:00:00,4.57,51,650,2,
2020-01-30 05:00:00,4.59,51,650,2,
2020-01-31 05:00:00,4.58,51,650,2,
2020-02-01 05:00:00,4.55,51,650,2,
2020-02-02 05:00:00,4.53,51,650,2,
2020-02-03 05:00:00,4.45,51,650,2,
2020-02-04 05:00:00,4.44,51,650,2,
2020-02-05 05:00:00,4.47,51,650,2,
2020-02-06 05:00:00,4.52,41,650,2,
2020-02-07 05:00:00,4.62,41,650,2,
2020-02-08 05:00:00,4.57,41,650,2,
2020-02-09 05:00:00,4.47,41,650,2,
2020-02-10 05:00:00,4.47,41,650,2,
2020-02-11 05:00:00,4.54,41,650,2,
2020-02-12 05:00:00,4.585,41,650,2,
2020-02-13 05:00:00,4.58,41,650,2,
2020-02-14 05:00:00,4.61,41,650,2,
2020-02-15 05:00:00,4.51,41,650,2,
2020-02-16 05:00:00,4.45,41,650,2,
2020-02-17 05:00:00,4.48,41,650,2,
2020-02-18 05:00:00,4.51,41,650,2,
2020-02-19 05:00:00,4.535,41,650,2,
2020-02-20 05:00:00,4.52,41,650,2,
2020-02-21 05:00:00,4.51,41,650,2,
2020-02-22 05:00:00,4.41,41,650,2,
2020-02-23 05:00:00,4.395,41,650,2,
2020-02-24 05:00:00,4.45,41,650,2,
2020-02-25 05:00:00,4.55,41,650,2,
2020-02-26 05:00:00,4.78,41,650,2,
2020-02-27 05:00:00,4.85,41,650,2,
2020-02-28 05:00:00,4.85,41,650,2,
2020-02-29 05:00:00,4.9,41,650,2,
2020-03-01 05:00:00,4.95,41,650,2,
2020-03-02 05:00:00,4.96,41,650,2,
2020-03-03 05:00:00,5.03,41,650,2,
2020-03-04 05:00:00,5.09,41,650,2,
2020-03-05 05:00:00,5.10666666666667,41,650,2,
2020-03-06 05:00:00,5.14,31,650,2,
2020-03-07 05:00:00,5.04147909964404,31,650,2,
2020-03-08 05:00:00,4.82313504819859,31,650,2,
2020-03-09 05:00:00,4.79491157553136,31,650,2,
2020-03-10 05:00:00,4.81096463019468,31,650,2,
2020-03-11 05:00:00,4.85253215431184,31,650,2,
2020-03-12 05:00:00,4.82412379418464,31,650,2,
2020-03-13 05:00:00,4.81035369772271,31,650,2,
2020-03-14 05:00:00,4.7919372990103,31,650,2,
2020-03-15 05:00:00,4.70363344049092,31,650,2,
2020-03-16 05:00:00,4.49577170415843,31,650,2,
2020-03-17 05:00:00,4.28676045014,31,650,2,
2020-03-18 05:00:00,4.21848070737628,31,650,2,
2020-03-19 05:00:00,4.21922025721617,31,650,2,
2020-03-20 05:00:00,4.36153536975842,31,650,2,
2020-03-21 05:00:00,4.23316720255732,31,650,2,
2020-03-22 05:00:00,4.00469453374839,31,650,2,
2020-03-23 05:00:00,3.93580385850823,31,650,2,
2020-03-24 05:00:00,3.99260450159664,31,650,2,
2020-03-25 05:00:00,4.03984726687195,31,650,2,
2020-03-26 05:00:00,4.10076366558661,31,650,2,
2020-03-27 05:00:00,4.03288585208368,31,650,2,
2020-03-28 05:00:00,4.03900321542873,31,650,2,
2020-03-29 05:00:00,4.10536977491547,31,650,2,
2020-03-30 05:00:00,4.11707395498131,31,650,2,
2020-03-31 05:00:00,4.09832797427503,31,650,2,
2020-04-01 05:00:00,4.19,31,650,2,
2020-04-02 05:00:00,3.87,41,650,2,
2020-04-03 05:00:00,3.89,41,650,2,
2020-04-04 05:00:00,4.16,41,650,2,
2020-04-05 05:00:00,4.27,41,650,2,
2020-04-06 05:00:00,4.36,41,650,2,
2020-04-07 05:00:00,4.44,41,650,2,
2020-04-08 05:00:00,4.54333333333333,41,650,2,
2020-04-09 05:00:00,4.66,41,650,2,
2020-04-10 05:00:00,4.71,41,650,2,
2020-04-11 05:00:00,4.68,41,650,2,
2020-04-12 05:00:00,4.67,41,650,2,
2020-04-13 05:00:00,4.81,41,650,2,
2020-04-14 05:00:00,4.91,41,650,2,
2020-04-15 05:00:00,4.79,41,650,2,
2020-04-16 05:00:00,4.72,41,650,2,
2020-04-17 05:00:00,4.62,41,650,2,
2020-04-18 05:00:00,4.63,41,650,2,
2020-04-19 05:00:00,4.64,41,650,2,
2020-04-20 05:00:00,4.67,41,650,2,
2020-04-21 05:00:00,4.72,41,650,2,
2020-04-22 05:00:00,4.63,41,650,2,
2020-04-23 05:00:00,4.59,41,650,2,
2020-04-24 05:00:00,4.77,41,650,2,
2020-04-25 05:00:00,4.84,41,650,2,
2020-04-26 05:00:00,4.78,41,650,2,
2020-04-27 05:00:00,4.71,41,650,2,
2020-04-28 05:00:00,4.59,41,650,2,
2020-04-29 05:00:00,4.59,41,650,2,
2020-04-30 05:00:00,4.71,41,650,2,
2020-05-01 05:00:00,4.71,41,650,2,
2020-05-02 05:00:00,4.59,41,650,2,
2020-05-03 05:00:00,4.56,41,650,2,
2020-05-04 05:00:00,4.56,41,650,2,
2020-05-05 05:00:00,4.58,41,650,2,
2020-05-06 05:00:00,4.625,41,650,2,
2020-05-07 05:00:00,4.635,41,650,2,
2020-05-08 05:00:00,4.5,41,650,2,
2020-05-09 05:00:00,4.58,41,650,2,
2020-05-10 05:00:00,4.62,41,650,2,
2020-05-11 05:00:00,4.625,41,650,2,
2020-05-12 05:00:00,4.59,41,650,2,
2020-05-13 05:00:00,4.53,41,650,2,
2020-05-14 05:00:00,4.64,41,650,2,
2020-05-15 05:00:00,4.67,41,650,2,
2020-05-16 05:00:00,4.62,41,650,2,
2020-05-17 05:00:00,4.56,41,650,2,
2020-05-18 05:00:00,4.53,41,650,2,
2020-05-19 05:00:00,4.56,41,650,2,
2020-05-20 05:00:00,4.61,41,650,2,
2020-05-21 05:00:00,4.57,41,650,2,
2020-05-22 05:00:00,4.58,41,650,2,
2020-05-23 05:00:00,4.54,41,650,2,
2020-05-24 05:00:00,4.52,41,650,2,
2020-05-25 05:00:00,4.52,41,650,2,
2020-05-26 05:00:00,4.55,41,650,2,
2020-05-27 05:00:00,4.58,41,650,2,
2020-05-28 05:00:00,4.59,41,650,2,
2020-05-29 05:00:00,4.62,41,650,2,
2020-05-30 05:00:00,4.64,41,650,2,
2020-05-31 05:00:00,4.63,41,650,2,
2020-06-01 05:00:00,4.62,41,650,2,
2020-06-02 05:00:00,4.61,41,650,2,
2020-06-03 05:00:00,4.63,41,650,2,
2020-06-04 05:00:00,4.66,41,650,2,
2020-06-05 05:00:00,4.68,41,650,2,
2020-06-06 05:00:00,4.67,41,650,2,
2020-06-07 05:00:00,4.71,41,650,2,
2020-06-08 05:00:00,4.98,41,650,2,
2020-06-09 05:00:00,5.4,41,650,2,
2020-06-10 05:00:00,5.7,41,650,2,
2020-06-11 05:00:00,5.95,41,650,2,
2020-06-12 05:00:00,6.01,41,650,2,
2020-06-13 05:00:00,5.96,41,650,2,
2020-06-14 05:00:00,6.22,41,650,2,
2020-06-15 05:00:00,6.25,41,650,2,
2020-06-15 05:00:01,,-3,650,2,
2020-06-16 23:59:59,,-3,650,2,
2020-06-17 00:00:00,5.96,41,650,2,
2020-06-18 00:00:00,5.79,41,650,2,
2020-06-19 00:00:00,5.62,41,650,2,
2020-06-20 00:00:00,5.45,41,650,2,
2020-06-21 00:00:00,5.32,41,650,2,
2020-06-22 00:00:00,5.19,41,650,2,
2020-06-23 00:00:00,5.08,41,650,2,
2020-06-24 00:00:00,5.02,41,650,2,
2020-06-25 00:00:00,4.93,41,650,2,
2020-06-26 00:00:00,4.9,41,650,2,
2020-06-27 00:00:00,4.85,41,650,2,
2020-06-28 00:00:00,4.79,41,650,2,
2020-06-29 00:00:00,4.84,41,650,2,
2020-06-30 00:00:00,4.9,41,650,2,
2020-07-01 00:00:00,4.76,41,650,2,
2020-07-02 00:00:00,4.68,41,650,2,
2020-07-03 00:00:00,4.69,41,650,2,
2020-07-04 00:00:00,4.64,41,650,2,
2020-07-05 00:00:00,4.67,41,650,2,
2020-07-06 00:00:00,4.88,41,650,2,
2020-07-07 00:00:00,5.11,41,650,2,
2020-07-08 00:00:00,5.14,41,650,2,
2020-07-09 00:00:00,5.02,41,650,2,
2020-07-10 00:00:00,4.84,41,650,2,
2020-07-11 00:00:00,4.74,41,650,2,
2020-07-12 00:00:00,4.55,41,650,2,
2020-07-13 00:00:00,4.54,41,650,2,
2020-07-14 00:00:00,4.8,41,650,2,
2020-07-15 00:00:00,4.85,41,650,2,
2020-07-15 00:00:01,,-3,650,2,
2020-08-01 23:59:59,,-3,650,2,
2020-08-02 00:00:00,5.23,30,650,2,
2020-08-03 00:00:00,5.19,30,650,2,
2020-08-04 00:00:00,5.16,30,650,2,
2020-08-05 00:00:00,5.15,30,650,2,
2020-08-06 00:00:00,5.15,30,650,2,
2020-08-07 00:00:00,5.17,30,650,2,
2020-08-08 00:00:00,5.18,30,650,2,
2020-08-09 00:00:00,5.16,30,650,2,
2020-08-10 00:00:00,5.115,30,650,2,
2020-08-11 00:00:00,5.08,30,650,2,
2020-08-12 00:00:00,5.08,30,650,2,
2020-08-13 00:00:00,5.09,30,650,2,
2020-08-14 00:00:00,5.09,30,650,2,
2020-08-15 00:00:00,5.1,30,650,2,
2020-08-16 00:00:00,5.13,30,650,2,
2020-08-17 00:00:00,5.12,30,650,2,
2020-08-18 00:00:00,5.12,30,650,2,
2020-08-19 00:00:00,5.15,30,650,2,
2020-08-20 00:00:00,5.205,30,650,2,
2020-08-21 00:00:00,5.36,30,650,2,
2020-08-22 00:00:00,5.71,30,650,2,
2020-08-23 00:00:00,6,30,650,2,
2020-08-24 00:00:00,6.195,30,650,2,
2020-08-25 00:00:00,6.435,30,650,2,
2020-08-26 00:00:00,6.61,30,650,2,
2020-08-27 00:00:00,6.56,30,650,2,
2020-08-28 00:00:00,6.23,30,650,2,
2020-08-29 00:00:00,5.97,30,650,2,
2020-08-30 00:00:00,5.79,30,650,2,
2020-08-31 00:00:00,5.64,30,650,2,
2020-09-01 00:00:00,5.58,30,650,2,
2020-09-02 00:00:00,5.55,30,650,2,
2020-09-03 00:00:00,5.53,30,650,2,
2020-09-04 00:00:00,5.46,30,650,2,
2020-09-05 00:00:00,5.39,30,650,2,
2020-09-06 00:00:00,5.3,30,650,2,
2020-09-07 00:00:00,5.2,30,650,2,
2020-09-08 00:00:00,5.12,30,650,2,
2020-09-09 00:00:00,5.05,30,650,2,
2020-09-10 00:00:00,4.985,30,650,2,
2020-09-11 00:00:00,4.96,41,650,2,
2020-09-12 00:00:00,4.9,41,650,2,
2020-09-13 00:00:00,4.8,41,650,2,
2020-09-14 00:00:00,4.8,41,650,2,
2020-09-15 00:00:00,5.2,41,650,2,
2020-09-16 00:00:00,5.33,41,650,2,
2020-09-17 00:00:00,5.49,41,650,2,
2020-09-18 00:00:00,6.52,41,650,2,
2020-09-19 00:00:00,7.08,41,650,2,
2020-09-20 00:00:00,7.4,41,650,2,
2020-09-21 00:00:00,7.33,41,650,2,
2020-09-22 00:00:00,6.945,41,650,2,
2020-09-23 00:00:00,6.62,41,650,2,
2020-09-24 00:00:00,6.38,41,650,2,
2020-09-25 00:00:00,6.19,41,650,2,
2020-09-26 00:00:00,6.08,41,650,2,
2020-09-27 00:00:00,5.9,41,650,2,
2020-09-28 00:00:00,5.78,41,650,2,
2020-09-29 00:00:00,5.85,41,650,2,
2020-09-30 00:00:00,5.79,41,650,2,
2020-10-01 00:00:00,5.625,41,650,2,
2020-10-02 00:00:00,5.505,41,650,2,
2020-10-03 00:00:00,5.42,41,650,2,
2020-10-04 00:00:00,5.28,41,650,2,
2020-10-05 00:00:00,5.16,41,650,2,
2020-10-06 00:00:00,5.08,41,650,2,
2020-10-07 00:00:00,5.025,41,650,2,
2020-10-08 00:00:00,5.05,41,650,2,
2020-10-09 00:00:00,5.155,41,650,2,
2020-10-10 00:00:00,5.24,41,650,2,
2020-10-11 00:00:00,5.18,41,650,2,
2020-10-12 00:00:00,5.1,41,650,2,
2020-10-13 00:00:00,4.95,41,650,2,
2020-10-14 00:00:00,4.835,41,650,2,
2020-10-15 00:00:00,4.765,41,650,2,
2020-10-16 00:00:00,4.86,41,650,2,
2020-10-17 00:00:00,4.95,41,650,2,
2020-10-18 00:00:00,4.77,41,650,2,
2020-10-19 00:00:00,4.785,41,650,2,
2020-10-20 00:00:00,4.64,41,650,2,
2020-10-21 00:00:00,4.755,41,650,2,
2020-10-22 00:00:00,4.9,41,650,2,
2020-10-23 00:00:00,4.98,41,650,2,
2020-10-24 00:00:00,5.03,41,650,2,
2020-10-25 00:00:00,5.11,41,650,2,
2020-10-26 00:00:00,5.1,41,650,2,
2020-10-27 00:00:00,5.07,41,650,2,
2020-10-28 00:00:00,5.09,41,650,2,
2020-10-29 00:00:00,5.065,41,650,2,
2020-10-30 00:00:00,5.21,41,650,2,
2020-10-31 00:00:00,4.965,41,650,2,
2020-11-01 00:00:00,4.53,41,650,2,
2020-11-02 00:00:00,4.45,41,650,2,
2020-11-03 00:00:00,4.255,41,650,2,
2020-11-04 00:00:00,4.215,41,650,2,
2020-11-05 00:00:00,4.36,41,650,2,
2020-11-06 00:00:00,4.49,41,650,2,
2020-11-07 00:00:00,4.48,41,650,2,
2020-11-08 00:00:00,4.65,41,650,2,
2020-11-09 00:00:00,4.74,41,650,2,
2020-11-10 00:00:00,4.67,41,650,2,
2020-11-11 00:00:00,4.405,41,650,2,
2020-11-12 00:00:00,4.81,41,650,2,
2020-11-13 00:00:00,5.01,21,650,2,
2020-11-14 00:00:00,4.93632306057386,21,650,2,
2020-11-15 00:00:00,4.92211211477152,21,650,2,
2020-11-16 00:00:00,4.98451912858661,21,650,2,
2020-11-17 00:00:00,5.0252045696068,21,650,2,
2020-11-18 00:00:00,4.93676673751328,21,650,2,
2020-11-19 00:00:00,4.75867162592986,21,650,2,
2020-11-20 00:00:00,4.57041710945802,21,650,2,
2020-11-21 00:00:00,4.69198724760893,21,650,2,
2020-11-22 00:00:00,4.77409936238045,21,650,2,
2020-11-23 00:00:00,4.87500797024442,21,650,2,
2020-11-24 00:00:00,4.9169527098831,21,650,2,
2020-11-25 00:00:00,4.88765409139214,21,650,2,
2020-11-26 00:00:00,4.92977417640808,21,650,2,
2020-11-27 00:00:00,5.00140807651435,21,650,2,
2020-11-28 00:00:00,5.03202178533475,21,650,2,
2020-11-29 00:00:00,5.02363177470776,21,650,2,
2020-11-30 00:00:00,5.01527364505845,21,650,2,
2020-12-01 00:00:00,5.07665249734325,21,650,2,
2020-12-02 00:00:00,4.92376461211477,21,650,2,
2020-12-03 00:00:00,4.8609165781084,21,650,2,
2020-12-04 00:00:00,4.95177736450584,21,650,2,
2020-12-05 00:00:00,5.08316418703507,21,650,2,
2020-12-06 00:00:00,5.11452709883103,21,650,2,
2020-12-07 00:00:00,5.01606535600425,21,650,2,
2020-12-08 00:00:00,5.02742029755579,21,650,2,
2020-12-09 00:00:00,4.84918969181722,21,650,2,
2020-12-10 00:00:00,4.84164452709883,21,650,2,
2020-12-11 00:00:00,4.89236184909671,21,650,2,
2020-12-12 00:00:00,4.94898777895856,21,650,2,
2020-12-13 00:00:00,5.00601222104144,21,650,2,
2020-12-14 00:00:00,5.03212805526036,21,650,2,
2020-12-15 00:00:00,5.03813230605739,21,650,2,
2020-12-16 00:00:00,4.97964665249734,21,650,2,
2020-12-17 00:00:00,4.99681455897981,21,650,2,
2020-12-18 00:00:00,5.02289851222104,21,650,2,
2020-12-19 00:00:00,4.88462805526036,21,650,2,
2020-12-20 00:00:00,4.85687566418703,21,650,2,
2020-12-21 00:00:00,4.95815090329437,21,650,2,
2020-12-22 00:00:00,4.99913921360255,21,650,2,
2020-12-22 00:00:01,,-3,650,2,
